Business_ID,Industry,Business_Structure,Revenue_Streams,Property_Ownership_vs_Leasing,Current_Tax_Strategy,Years_in_Business,Previous_Tax_Liabilities,Gross_Revenue,Net_Income,Taxable_Income,Income_Growth_Rate,Operating_Expenses,Payroll_Expenses,Retirement_Plan_Contributions,Healthcare_Expenses,Depreciation_and_Amortization,Interest_Expenses,R&D_Expenses,R&D_Credits,Energy_Efficiency_Credits,Work_Opportunity_Tax_Credit (WOTC),Employee_Retention_Credits (ERC),Carryforwards_and_Carryback,Home_Office_Deduction,Fixed_Assets,Capital_Expenditures,Vehicle_Use_for_Business,Major_Asset_Sales,Capital_Gains_and_Losses,Outstanding_Debt,Interest_Payments,Loan_Type,Business_Investments,Sales_Tax_Obligations,Inventory_Method,Number_of_Employees,Employee_Salaries_&_Wages,Bonuses_and_Incentives,Retirement_Contributions_for_Employees,Health_Benefits_Provided,R&D_Credit_Eligible,ERC_Eligible,WOTC_Eligible,Energy_Credit_Eligible,Home_Office_Eligible
10000,Healthcare,S-Corp,Consulting,Owning,Conservative,12,40153,2943236,1436689,59477,-0.17400532401114627,1530171,3815721,13516,50178,26616,14036,281396,22372,9599,6766,13113,19977,4087,364434,49291,43816,78572,-17187,518907,23251,Short-term,91009,26444,Weighted Average,341,398147,56037,260938,292414,1,0,1,1,1
10001,Finance,Sole Proprietorship,E-commerce,Owning,Conservative,26,5671,7479933,3866126,3596210,-0.1841281173135057,1163413,2376304,31086,86268,12182,20933,403923,16117,8002,17114,4311,8606,1272,439791,68350,31431,26467,-1635,294931,29675,Long-term,219857,39248,Weighted Average,61,1850662,100969,217810,491367,1,0,1,1,1
10002,Manufacturing,Sole Proprietorship,Subscription,Leasing,Aggressive,7,5163,8761957,3116983,2527111,0.011667572076598742,243068,320435,32480,90042,91369,13392,165278,14779,4846,15928,11446,44384,4374,230868,87020,24453,48,17593,942280,24788,Short-term,14597,41545,Weighted Average,412,1044483,112115,287072,129870,1,0,0,1,1
10003,Finance,LLC,Subscription,Owning,Balanced,15,46424,6253973,2896230,2049606,-0.15771731095138108,376427,168477,46659,75726,99878,8938,487492,29294,9821,1648,24120,34052,4019,130787,9646,36079,36978,99485,387757,47129,Long-term,65067,6362,LIFO,471,594989,59914,212593,137897,1,0,0,1,1
10004,Finance,S-Corp,Software Sales,Leasing,Balanced,21,49002,6135218,2168433,1599757,0.10342347777006955,953476,2405682,49766,75111,63013,5141,3543,21630,9186,2130,8848,3148,815,449949,44713,17020,47606,-11515,722787,48300,Long-term,223592,34718,FIFO,454,856943,158381,306743,416914,0,0,1,1,1
10005,Retail,LLC,Subscription,Leasing,Aggressive,19,9795,2060584,4506397,3472207,0.2404865028198287,143805,3740370,40737,39565,32331,24350,175207,40039,4798,14392,19366,33536,4371,124427,72936,47353,81574,61504,794429,37867,Line of Credit,53022,9250,LIFO,259,2528648,108255,414991,255526,1,0,1,1,1
10006,Manufacturing,C-Corp,E-commerce,Leasing,Balanced,28,15634,6323754,3728621,1921297,0.24145740825936107,1948854,2447839,11265,94242,47098,10546,247541,49900,6605,10588,25689,5607,922,158063,49331,47785,98112,-33899,114887,12774,Long-term,217996,3818,Weighted Average,453,3205155,11349,333648,244954,1,0,1,1,1
10007,Manufacturing,C-Corp,Consulting,Owning,Conservative,29,9798,5685709,4606766,863759,0.12952270506611618,829359,3698173,7454,27884,27128,6335,104647,12178,2986,4366,6083,19586,4737,163625,27185,46320,73414,-41169,71086,12718,Short-term,379817,37368,FIFO,457,4311484,192892,474134,344409,1,0,1,1,1
10008,Manufacturing,LLC,Software Sales,Owning,Balanced,25,27420,9904815,1347991,3070855,-0.0943840842635345,1975597,1356652,37918,22199,32556,6077,35031,19935,400,1506,12598,29250,4600,230782,89263,27562,93145,1897,898663,24292,Line of Credit,416998,45109,LIFO,7,647838,166625,75687,180801,0,0,0,1,1
10009,Finance,Sole Proprietorship,Software Sales,Owning,Conservative,1,34300,678688,3781404,171184,0.23149841567943602,135657,3938685,28181,65038,88505,47015,174001,47258,2855,18542,16940,18594,4867,97493,57107,25373,49222,-44996,265494,3477,Short-term,56782,16053,Weighted Average,188,4090199,29525,425020,21171,1,0,1,1,1
10010,Healthcare,Sole Proprietorship,Consulting,Leasing,Aggressive,17,29345,4326156,1864188,1175627,0.24304671765660407,873062,1990407,17386,62786,22876,6611,327891,22784,3412,19300,19403,7399,1264,403850,71554,47105,48115,-4076,518889,17726,Line of Credit,470360,28426,LIFO,4,1146528,6948,376266,482699,1,0,0,1,1
10011,Manufacturing,LLC,Subscription,Owning,Conservative,17,15749,5855892,2157359,2287805,-0.10167320752352066,124428,3287746,41182,54294,9949,41857,451067,23027,56,15222,26880,25117,3724,498633,22563,31164,89606,-12830,597596,29522,Short-term,496867,48101,FIFO,231,4280350,15498,168331,332828,1,0,1,1,1
10012,Finance,LLC,Consulting,Leasing,Balanced,3,43595,8083372,268401,285300,0.16871304288533862,142035,811125,39425,83015,52962,36660,317455,31008,8022,12363,2580,33126,2787,284915,75729,2885,40647,-6445,287941,4293,Line of Credit,191085,40023,Weighted Average,133,1890208,151063,261797,458381,1,0,1,1,1
10013,Retail,C-Corp,Subscription,Owning,Balanced,12,30121,8227747,1035132,624010,-0.05674022553643854,1514139,2396537,45254,39178,91054,6577,236403,46631,1875,19613,24530,33617,2722,135607,20701,2049,54607,95734,277446,2159,Short-term,377860,25892,LIFO,395,2732510,60790,91284,59948,1,0,1,1,1
10014,Healthcare,Sole Proprietorship,Consulting,Leasing,Balanced,6,42487,4327995,209292,132036,0.20132015617646482,1299356,3008778,26327,17665,72206,21002,65867,1823,4543,11795,13844,7498,4223,256834,74072,44271,57410,68115,466388,38430,Short-term,385174,44675,FIFO,125,854754,139732,90227,44725,1,0,1,1,1
10015,Retail,LLC,E-commerce,Owning,Aggressive,26,33411,7437694,4741066,893392,0.2986189499518013,932676,2703695,23181,5534,25099,40451,88780,6852,4298,9858,24627,37290,2550,421514,53217,2161,21996,54216,572347,43973,Long-term,339180,30361,FIFO,15,3235974,27245,102556,291594,1,0,1,1,1
10016,Healthcare,C-Corp,Subscription,Owning,Aggressive,11,38361,9021334,3217759,321696,-0.1849869973353036,1810146,1778693,49662,96828,13716,35275,57196,13072,3768,12616,9553,45541,2949,89876,49610,1815,54921,15930,141980,16540,Line of Credit,302486,17007,LIFO,448,2657023,132310,48560,416516,1,0,1,1,1
10017,Finance,Sole Proprietorship,E-commerce,Owning,Balanced,3,26223,4052255,513937,3702340,0.24868293289546595,89518,2001161,23452,41132,53611,29647,73705,11133,5752,4136,9386,9628,1673,177071,89422,37534,83697,-13635,725612,4770,Line of Credit,90745,15241,FIFO,482,1413440,151992,294400,398044,1,0,1,1,1
10018,Tech,S-Corp,Software Sales,Leasing,Conservative,8,12394,3917242,3014391,1230456,0.11131526679932902,196355,3872949,40248,41110,39885,35831,320038,15111,4833,13478,20403,329,4587,212959,55131,28498,46022,12188,483875,13786,Long-term,419193,45858,Weighted Average,13,468431,47659,11125,94600,1,0,1,1,1
10019,Healthcare,C-Corp,Consulting,Leasing,Aggressive,14,19056,5090488,2731206,4469723,0.28669130958241057,1936334,1320015,42801,63754,54144,35768,349784,32312,1353,11161,19522,38619,3092,331792,34410,26037,40148,48633,153949,4103,Short-term,239648,46073,FIFO,118,1748789,126983,9370,145513,1,0,1,1,1
10020,Retail,Sole Proprietorship,Software Sales,Owning,Balanced,14,33380,339968,1242097,1030029,0.03250475876321379,687565,3866600,35751,68580,66220,31962,276735,24161,4987,2689,26224,7032,2838,465884,63715,37007,67764,13471,286383,47040,Short-term,324540,24902,LIFO,240,419325,75874,9838,121315,1,0,1,1,1
10021,Finance,Sole Proprietorship,Software Sales,Owning,Balanced,10,31035,8777571,237771,194692,0.22369396528568686,140243,4523257,23991,27469,8837,49334,97247,39287,6597,2810,14635,48094,1666,472590,43665,14942,91901,98228,37313,18100,Line of Credit,119836,25506,Weighted Average,263,2439053,43517,119479,422548,1,0,1,1,1
10022,Healthcare,C-Corp,Software Sales,Leasing,Aggressive,2,35620,2692536,287199,4497335,-0.1688029657008614,1027378,111894,43311,69016,50355,30583,179965,1777,4311,11663,671,38034,4511,470725,20957,28278,90724,7287,52103,2791,Short-term,111998,18562,FIFO,360,1331958,127618,62429,30115,1,0,0,1,1
10023,Tech,S-Corp,Software Sales,Leasing,Aggressive,14,24877,5604381,2907281,2431098,-0.03236047496085215,1867756,1418277,11916,51233,48299,2294,727,24014,2934,6152,777,37122,2195,253722,53127,9272,8888,82717,189480,13623,Line of Credit,55021,21239,FIFO,6,2762710,76885,401350,109405,0,0,0,1,1
10024,Tech,C-Corp,Consulting,Leasing,Aggressive,9,48404,619165,2782481,1697888,-0.16649173112439503,958601,2543200,12143,71708,20159,16096,414575,14772,22,12,21311,20622,1384,347927,68589,34637,88666,9076,486467,4311,Line of Credit,467273,14065,Weighted Average,440,35064,47350,247067,97404,1,0,1,1,1
10025,Manufacturing,Sole Proprietorship,Software Sales,Owning,Conservative,3,35911,4514084,4884777,2625917,0.28767156673953526,416308,1614592,27855,63232,52012,37833,43822,46389,1209,11162,26855,28584,4403,54440,51008,39294,39159,66475,98771,13847,Short-term,135672,46415,Weighted Average,320,3826708,78179,48199,445213,0,0,1,1,1
10026,Manufacturing,LLC,Consulting,Leasing,Conservative,21,37784,3540866,2324316,1864964,0.20848695363591835,1121887,4484024,17581,98450,60305,47858,494763,44627,8940,7999,3022,47850,3954,41655,66920,8741,42197,151,136228,31776,Short-term,385703,42291,FIFO,231,679830,160346,82092,227223,1,0,1,1,1
10027,Retail,LLC,Consulting,Owning,Balanced,26,8191,3978363,3652615,1428509,0.22627371062298524,42692,3577945,3907,91437,88096,28328,365543,18161,804,7219,18244,4722,2899,53039,37875,5694,84326,17384,101665,47119,Short-term,333980,39805,Weighted Average,434,959507,46013,392069,154687,1,0,1,1,1
10028,Healthcare,C-Corp,E-commerce,Leasing,Aggressive,8,38160,1127557,1633214,3794542,0.2689826157169471,1717818,3676569,31424,39409,18106,25398,112113,42264,8325,5328,19523,17772,60,327399,6626,31306,90360,49865,806966,16013,Long-term,425291,34295,LIFO,30,1407979,40913,169894,155804,1,0,1,1,1
10029,Healthcare,Sole Proprietorship,Subscription,Owning,Conservative,16,30000,7535697,801518,2538214,-0.15744825694010733,699222,3239112,25308,24324,59123,18706,219606,7490,4416,3621,13817,20569,3947,82219,95815,2934,98941,-16459,839492,5642,Line of Credit,225587,19443,FIFO,22,656480,46819,229585,428583,1,0,1,1,1
10030,Manufacturing,LLC,Subscription,Leasing,Aggressive,2,44040,5998885,563313,4148502,-0.007201203743333329,412179,1058966,43984,13738,9720,23340,392575,41661,8625,11665,14260,41679,2290,196061,68822,22556,24474,22847,813621,23746,Short-term,429018,10290,LIFO,409,1427296,83168,287257,120670,1,0,1,1,1
10031,Healthcare,Sole Proprietorship,Consulting,Leasing,Balanced,6,8631,7701723,3981586,1608146,-0.16448255547799895,241468,4610549,43505,29054,38661,19825,404145,24502,5141,11314,1074,3235,472,283388,76765,19907,17333,955,924863,26007,Long-term,213833,1211,FIFO,156,2746921,93680,199666,52738,1,0,1,1,1
10032,Healthcare,C-Corp,E-commerce,Leasing,Conservative,28,11172,8046155,3264215,523455,-0.0946034492249857,1410227,4226794,48525,34709,94898,18482,390732,35757,4968,652,9908,4576,958,104594,77413,7159,36355,90362,620355,27214,Short-term,82017,19098,LIFO,118,1231694,95792,101102,252368,1,0,1,1,1
10033,Tech,LLC,Consulting,Leasing,Conservative,21,47080,5788238,3510989,4076405,-0.08531711148116383,100152,842307,38942,90643,94794,10318,60091,41111,3671,16182,9475,26707,532,330739,38642,49487,99415,37780,807399,12694,Line of Credit,484969,20072,LIFO,340,490471,196982,269813,142053,1,0,1,1,1
10034,Manufacturing,Sole Proprietorship,Consulting,Leasing,Conservative,29,28561,9694731,2382214,587219,0.03455360552378933,483685,2099632,28957,5363,88318,42256,473594,32737,7292,8812,12878,33868,493,180623,43311,30158,73903,49919,747351,8026,Long-term,246421,44290,Weighted Average,423,906357,155557,185499,203953,1,0,1,1,1
10035,Finance,LLC,Consulting,Owning,Balanced,26,29817,6803560,2380229,2226268,-0.06571891627317872,1597790,1850875,27464,15358,22120,45009,154591,17709,7001,3790,15120,41632,81,204302,37356,21293,66258,62854,861995,19862,Line of Credit,191894,20650,FIFO,451,1391028,134932,479833,199681,1,0,1,1,1
10036,Manufacturing,C-Corp,E-commerce,Leasing,Aggressive,25,25281,1885559,1913462,4485975,-0.14951094659111946,1028803,4809412,25649,8240,20790,44185,410609,44682,2098,15659,23147,41476,4974,376042,8809,46761,31145,11768,280804,46781,Short-term,449819,16115,Weighted Average,389,476435,50875,149010,490306,1,0,1,1,1
10037,Finance,Sole Proprietorship,Subscription,Leasing,Conservative,12,33671,8797057,704224,4027793,-0.11625445545294616,23969,2378417,44065,77201,59655,16574,427534,8998,8444,1645,1986,30285,2970,300515,48371,47581,75675,-6738,390815,45352,Short-term,369833,6149,Weighted Average,193,558359,146991,403933,494071,1,0,1,1,1
10038,Tech,LLC,E-commerce,Leasing,Balanced,5,30364,633634,2300397,1664777,-0.12636221822395455,1104309,4205843,29125,50689,60643,49070,205603,28906,5061,10435,10825,24154,11,472574,39875,34932,49854,86578,494091,46617,Short-term,85291,42992,FIFO,399,2489536,74947,344962,353810,1,0,1,1,1
10039,Retail,C-Corp,Software Sales,Owning,Aggressive,2,46674,4032747,2049284,2911656,0.28653839895614913,351999,3565971,36758,6936,94448,15650,356336,35490,9321,3688,9193,20054,4544,169950,14465,34387,67664,-29395,139909,48336,Long-term,357594,18716,LIFO,346,4740710,10586,445875,356495,1,0,1,1,1
10040,Healthcare,LLC,E-commerce,Leasing,Balanced,16,32425,8678845,2051676,3895933,0.1796462534592368,61743,4016389,7596,96074,48374,47118,179006,4656,3264,7689,22711,17165,761,177229,71095,41750,86153,28590,443039,5095,Long-term,171664,33188,FIFO,195,3228136,52986,200647,411782,1,0,1,1,1
10041,Tech,LLC,E-commerce,Owning,Aggressive,5,33602,8202873,1734532,2366729,0.283880732634781,1723057,322579,18374,48965,43907,29930,499012,36901,5435,1379,17430,14439,3185,15914,78844,4066,93616,-21769,459058,30894,Long-term,61006,14621,FIFO,168,2136310,90848,84737,495081,1,0,0,1,1
10042,Healthcare,S-Corp,E-commerce,Leasing,Balanced,15,28253,9344655,504418,3947129,0.019870243253954256,190948,4083542,5775,82534,51071,21171,372949,25735,8493,4243,2176,44518,25,224772,70250,22256,35285,29397,150688,15902,Long-term,424485,7820,FIFO,377,4922785,24055,414505,212957,1,0,1,1,1
10043,Retail,S-Corp,E-commerce,Leasing,Aggressive,12,28472,4723636,1522542,135556,-0.06081575916867171,913877,1573825,29388,5882,35812,35864,474319,29092,6691,10237,18722,22515,1806,299324,91889,42406,17533,27123,85976,27640,Short-term,109268,48529,Weighted Average,489,564162,166962,29406,20728,1,0,1,1,1
10044,Retail,C-Corp,Subscription,Owning,Conservative,4,13080,7656855,4523014,1937883,0.19914659860459333,40323,3528920,23029,25224,50570,12801,159912,1242,2763,16330,10047,26962,4157,406904,20250,36105,32624,-36485,767496,23095,Short-term,317282,43800,FIFO,239,4453443,195153,232894,377996,1,0,1,1,1
10045,Tech,S-Corp,Software Sales,Leasing,Aggressive,15,12099,5434233,4906854,3509992,-0.03687304097942662,1591869,4038604,20445,35825,51901,23372,380233,41307,4005,19037,16884,42549,4324,352363,51023,6594,46996,37211,189810,43223,Short-term,67398,31399,FIFO,362,3488454,29807,17873,356055,1,0,1,1,1
10046,Retail,C-Corp,Subscription,Owning,Balanced,11,30431,1506368,612621,1595537,-0.05030831314732587,1347148,3487794,16645,75740,61186,17559,89367,1831,3241,5611,18617,37763,4702,350760,51624,3460,46947,-33400,285251,47264,Long-term,226163,15002,FIFO,482,4336907,48177,130812,127616,1,0,1,1,1
10047,Finance,S-Corp,Subscription,Owning,Balanced,16,36186,6941300,3579801,692755,-0.08374700389608442,578866,1534631,33105,33885,51251,33334,13265,28511,3057,12516,29150,44754,3659,237561,21427,7820,27956,19310,726764,25411,Long-term,155946,44098,LIFO,244,1002207,69625,349192,228422,0,0,1,1,1
10048,Retail,LLC,E-commerce,Leasing,Aggressive,23,35111,9334082,4858163,3706344,-0.13516051088788233,1679350,1201890,15668,45056,66171,40937,398640,7246,550,13886,27115,45278,1525,413132,38276,37210,51030,85501,628470,26252,Short-term,324372,46511,LIFO,69,1483497,146314,492679,308358,1,0,1,1,1
10049,Healthcare,C-Corp,Consulting,Owning,Conservative,6,44851,5885267,1648099,3566362,-0.07176846949161703,521793,2355251,17960,8203,37160,14288,413841,31467,5574,13716,4608,19464,760,197435,76643,17191,58597,85678,777441,19905,Short-term,329814,29750,LIFO,95,3759397,57317,28461,199007,1,0,1,1,1
10050,Healthcare,C-Corp,Consulting,Leasing,Conservative,14,27614,1324744,4244463,783088,-0.022340125763056162,346284,2902531,13357,65241,20156,23398,79622,18302,5411,5912,11906,42036,594,105213,84012,20095,42443,85550,888219,24720,Long-term,130613,27074,LIFO,499,4712125,172050,418926,228153,1,0,1,1,1
10051,Healthcare,LLC,Subscription,Leasing,Aggressive,18,31724,6070226,3863233,2635834,0.1369971040728652,1850314,4971914,39203,7244,77208,11694,160259,3232,1587,6449,7234,30413,1055,430576,8439,11529,98613,64380,812386,34453,Line of Credit,107071,18310,Weighted Average,77,3341453,17433,483704,317732,1,0,1,1,1
10052,Healthcare,C-Corp,Subscription,Owning,Aggressive,12,46991,4962894,1261569,99778,-0.16871757889027422,1700189,2833978,17804,73619,80980,13191,298073,36526,5920,1725,24356,33270,1854,47805,90848,33175,65464,61780,289087,36553,Short-term,115572,18006,Weighted Average,171,798873,34282,18448,160025,1,0,1,1,1
10053,Finance,C-Corp,E-commerce,Owning,Balanced,27,9940,2231018,4611307,1134409,-0.09474653016732854,1938837,4193583,16626,26584,73320,19051,324036,38765,5260,15870,6610,42299,3083,416669,92331,18675,3952,16177,50725,3947,Short-term,252766,10671,FIFO,1,486548,77519,20198,340552,1,0,0,1,1
10054,Manufacturing,S-Corp,Subscription,Owning,Conservative,11,33758,8310710,1245885,2693528,0.20451182014583819,288508,916395,30132,13521,18929,11737,151611,10972,4409,9304,10524,20269,3916,136599,83672,44158,56880,5746,841866,11162,Short-term,143997,45345,Weighted Average,406,2452095,44578,78158,478120,1,0,1,1,1
10055,Tech,C-Corp,E-commerce,Owning,Aggressive,13,41224,3589429,1206083,4144399,-0.12653903820811463,411011,3838239,9951,55017,67606,26251,318774,48136,5783,7522,16984,31541,3675,163775,84703,47798,52201,73075,882183,5399,Long-term,270251,28894,LIFO,62,4538633,131843,466154,306247,1,0,1,1,1
10056,Healthcare,Sole Proprietorship,Consulting,Leasing,Conservative,21,12788,6988260,2024324,1553083,-0.028677426738739242,1497141,4540734,8449,38541,89442,6147,221711,34592,712,13663,13411,8009,2048,200093,22300,6374,42460,35195,544398,29082,Short-term,91388,27193,FIFO,207,3637257,109333,449015,80949,1,0,1,1,1
10057,Retail,LLC,Consulting,Leasing,Aggressive,23,33082,6578443,3948190,3382103,0.23232946092907003,1724627,3433994,21065,34063,63559,20643,486626,10683,5406,4784,20668,17007,1458,84176,65289,26976,22796,-13182,508864,49328,Short-term,100719,11222,FIFO,154,2420834,156205,230075,235877,1,0,1,1,1
10058,Healthcare,S-Corp,Software Sales,Owning,Aggressive,11,29034,394746,3438445,2213513,-0.12253734442827868,802259,4867018,37967,75268,55205,39967,402431,23664,7990,9472,9180,26462,1219,104799,22182,14142,31746,-28691,288606,2435,Short-term,123018,24786,LIFO,274,2616057,51317,171033,452480,1,0,1,1,1
10059,Retail,S-Corp,Consulting,Leasing,Conservative,23,40479,5810754,2792974,1438949,-0.15863158219090506,1688462,1954606,41536,69952,69475,34314,170457,36828,7420,17616,15225,11542,4228,108385,75507,13204,86785,99760,351376,42713,Short-term,294761,32509,LIFO,48,3377198,128878,179079,161228,1,0,1,1,1
10060,Retail,Sole Proprietorship,Subscription,Leasing,Aggressive,16,16280,5532019,3542099,562154,0.042268997540005404,1790403,4815028,11130,98054,65341,38999,131025,33172,6843,10055,10073,17434,4181,245654,55912,8394,15,-21824,719441,42542,Short-term,79258,1386,LIFO,137,3600176,109745,70470,23423,1,0,1,1,1
10061,Healthcare,LLC,Consulting,Leasing,Aggressive,15,23052,4452892,1329180,3508582,-0.048790244360731816,196968,2317600,25824,44563,96377,41733,87580,18105,2433,12676,4483,29765,1499,484830,31909,34593,49757,18879,456015,10835,Line of Credit,317219,2634,Weighted Average,1,140026,130230,188328,310206,1,0,0,1,1
10062,Finance,LLC,E-commerce,Leasing,Balanced,21,21531,1802159,3383178,1051930,0.08170418224192705,77062,980278,43401,44752,43863,19467,339606,21700,3301,7446,5901,23769,1830,98919,24659,42964,25957,17592,600855,18169,Line of Credit,131998,41878,FIFO,235,466295,66950,25739,183877,1,0,1,1,1
10063,Retail,S-Corp,Consulting,Owning,Aggressive,28,27804,3857985,4581211,1119525,0.20190244524173756,1296914,505919,38993,7567,82837,35808,113396,11017,270,4725,6129,22465,3395,484288,36403,12652,81541,34728,492517,9045,Short-term,289775,5133,LIFO,393,2797540,60612,351198,274131,1,0,1,1,1
10064,Retail,C-Corp,Software Sales,Owning,Aggressive,15,33903,3902177,2634182,1825818,-0.13142575592362843,755122,3291837,33875,21121,66439,2752,359181,36613,9986,14769,18138,21868,1203,410626,38586,34740,21292,90488,716584,40747,Short-term,128120,43144,FIFO,256,3732151,65873,325330,72979,1,0,1,1,1
10065,Healthcare,S-Corp,Consulting,Leasing,Aggressive,25,49857,8612558,1858286,2991720,0.09034954227714248,689221,2958134,8054,6674,8194,2849,95310,20594,1079,1409,18848,20156,4270,91462,15360,45036,31876,-41416,399569,38523,Short-term,198516,39349,FIFO,407,4900730,116792,31547,309741,1,0,1,1,1
10066,Retail,LLC,E-commerce,Owning,Balanced,4,15142,1253224,4649757,1200117,0.05275438019493195,1296485,2319608,36273,81411,72387,3642,156080,11384,5322,8205,10415,20300,2810,189340,26424,1443,60727,74555,852495,18769,Short-term,364302,35735,Weighted Average,107,4968381,194074,99472,93905,1,0,1,1,1
10067,Retail,Sole Proprietorship,E-commerce,Owning,Conservative,11,14866,2750235,4915313,2122963,-0.12796060699340023,526995,1357203,43821,71275,82914,2600,311072,30348,8795,16365,4482,13435,3092,175320,53791,24903,47046,43302,123394,38330,Long-term,406099,22952,FIFO,173,3249198,184580,352967,168940,1,0,1,1,1
10068,Healthcare,S-Corp,Subscription,Owning,Balanced,19,9531,4840039,4413089,4296146,0.11199924276449119,108302,476589,12832,72081,67214,47719,214168,16448,5257,256,9686,4114,3044,41159,8065,34522,14817,72408,851672,7566,Long-term,417924,25816,LIFO,130,2885530,170451,111887,86970,1,0,0,1,1
10069,Healthcare,LLC,Consulting,Leasing,Balanced,15,43098,8399350,2847921,2625171,-0.06317979106961419,1656792,2403365,31670,34140,97176,21786,89876,9491,7982,18105,25428,46336,4673,52039,73795,29180,91006,-31170,877784,11212,Long-term,51221,22529,LIFO,398,1114526,125814,187503,73805,1,0,1,1,1
10070,Tech,S-Corp,E-commerce,Leasing,Conservative,4,43278,9793374,4424142,1321506,0.043917159272006234,1053224,1197018,24852,14327,30777,45565,24976,13112,9777,15704,7400,36135,3514,242974,17300,49791,9759,27066,158940,16491,Line of Credit,153269,6767,FIFO,294,3876811,16231,423692,129779,0,0,1,1,1
10071,Finance,C-Corp,Software Sales,Leasing,Balanced,21,33138,2403554,319160,329134,-0.15886383786146907,758591,1702737,25620,75663,27183,21183,245014,31021,6214,17807,6806,8095,1798,57800,38370,22119,48432,-46409,353133,36290,Short-term,419350,42521,FIFO,40,2395521,88385,214483,483300,1,0,1,1,1
10072,Finance,S-Corp,Subscription,Owning,Conservative,13,32065,4120120,2619931,2808705,0.029792028606811516,585635,2277357,30307,28331,28445,2132,387128,44553,5006,2990,25027,37909,2575,312905,74831,11363,6412,43878,32222,22149,Long-term,373066,19383,Weighted Average,447,513466,42163,277830,419852,1,0,1,1,1
10073,Retail,S-Corp,Software Sales,Leasing,Balanced,22,34956,3046862,491904,4364660,-0.04676826597858985,547409,1809971,49551,28004,68038,39259,158698,968,3985,1195,10516,3951,144,104626,32209,44665,57757,75407,89794,34815,Short-term,38550,5901,LIFO,338,4294015,122880,153608,67467,1,0,1,1,1
10074,Finance,LLC,Consulting,Leasing,Conservative,19,46732,2776517,628526,2906069,0.21119060559267716,103793,1154337,3551,15492,88201,32076,360400,368,9587,1244,7396,21468,4857,489319,25927,39164,20504,66869,598212,31306,Short-term,281786,43889,LIFO,16,2258275,163748,301206,117732,1,0,1,1,1
10075,Retail,LLC,Consulting,Owning,Aggressive,2,44261,4407086,887393,777090,-0.17151063650131587,1621028,1434473,49922,59797,17198,39563,362681,8424,8791,11415,7338,27073,3926,128368,39579,32541,8507,-28605,634142,12710,Line of Credit,418655,15633,FIFO,127,3945300,88592,315360,158079,1,0,1,1,1
10076,Tech,LLC,Consulting,Leasing,Balanced,14,15759,7431006,3395503,954565,0.00930363745916496,307635,3260428,29812,63095,22411,27691,190861,35010,8705,6766,9950,47655,1377,184735,14032,4465,21050,-33262,874945,37472,Line of Credit,495995,20163,FIFO,373,3850278,107564,423257,373604,1,0,1,1,1
10077,Healthcare,S-Corp,Subscription,Leasing,Balanced,29,10439,9115828,864422,3875598,0.02921571206571899,603510,3592334,15799,18749,51577,44299,397916,35851,5991,11662,12500,34341,3146,90903,98254,3711,4820,83703,794326,40858,Long-term,111093,11707,FIFO,349,253597,56535,298797,498963,1,0,1,1,1
10078,Healthcare,C-Corp,E-commerce,Owning,Balanced,4,47533,8429442,784983,1092425,0.16250303814955935,698525,583881,28312,68217,16867,11931,109331,25496,6227,16210,11545,46127,1825,443628,83413,26198,7835,98977,851081,34636,Long-term,422799,23576,LIFO,492,2665348,111952,26673,217936,1,0,1,1,1
10079,Healthcare,Sole Proprietorship,Subscription,Owning,Balanced,16,33270,6269912,2313429,817567,0.08714378754510549,548036,1028454,41620,94044,63501,8633,194717,30936,9258,17690,28712,2768,793,128998,45731,23488,93167,-30944,375130,44797,Line of Credit,266188,19061,FIFO,203,4581295,178182,146439,406605,1,0,1,1,1
10080,Finance,Sole Proprietorship,Software Sales,Owning,Aggressive,21,18279,8931924,3185812,2756207,0.1336061685970905,1619417,3888551,3449,14045,15266,38777,251666,13322,7833,10313,5241,38070,1601,251324,97202,39515,13587,71656,778103,16445,Line of Credit,98885,46101,Weighted Average,134,3024494,179050,24629,128105,1,0,1,1,1
10081,Tech,LLC,Subscription,Leasing,Balanced,20,44279,3617741,4325115,1789736,0.18852464282587805,1185123,4845925,26426,25116,40422,35881,466612,1469,2886,2402,23778,46514,4414,438583,58767,24608,57732,65316,880181,30165,Short-term,84538,45706,Weighted Average,259,2895780,136824,125756,134535,1,0,1,1,1
10082,Finance,LLC,Software Sales,Leasing,Aggressive,14,49251,6268563,2926280,1610234,0.23110148682909437,604668,3311394,37427,23667,36208,2044,269670,37493,2653,16880,22821,33979,1110,409029,77302,28898,51921,4418,243127,42977,Short-term,329158,12548,FIFO,14,4133942,25507,116641,281602,1,0,1,1,1
10083,Finance,S-Corp,Subscription,Leasing,Aggressive,27,28888,3556653,2988687,91707,-0.04306225163876476,64331,2837364,42277,80057,32213,47691,103863,4259,9280,19783,4695,25351,4053,332038,54954,2919,45499,-12810,514434,14144,Long-term,286667,16115,Weighted Average,66,2917596,125225,486852,78481,1,0,1,1,1
10084,Tech,Sole Proprietorship,E-commerce,Owning,Aggressive,29,22630,5529219,1466842,320833,0.06901135268195147,771393,3364513,33551,79205,8367,36199,432716,36390,4864,13275,11530,15445,4793,243229,93365,32171,6840,-23986,151295,5417,Long-term,377429,10843,Weighted Average,480,2134564,111282,470406,84888,1,0,1,1,1
10085,Tech,LLC,Software Sales,Owning,Aggressive,15,40144,575595,2381256,3739100,0.22005403921959993,1034348,2445678,26277,32302,80026,25363,199121,10292,2514,14915,14312,48583,3937,323588,90757,47241,65077,75563,189238,20368,Line of Credit,206615,37945,Weighted Average,351,3130806,173567,292207,86022,1,0,1,1,1
10086,Tech,C-Corp,Consulting,Leasing,Conservative,28,36182,9954352,3739024,1128963,0.2947255654825282,1713481,1686644,37489,16283,36362,47694,335510,26841,3969,909,18972,1160,3963,437485,30102,21599,31440,-48220,49369,12377,Long-term,484187,40979,Weighted Average,459,287800,192958,286466,182472,1,0,1,1,1
10087,Tech,C-Corp,Consulting,Leasing,Conservative,3,30538,1988806,4446650,1917145,0.24475965552188156,845992,3136813,47212,35935,52588,2582,473533,28365,3284,15806,14318,22361,4942,71748,39433,17965,35183,-7808,882811,13724,Short-term,110879,41641,Weighted Average,342,2595326,71559,220618,77628,1,0,1,1,1
10088,Healthcare,LLC,Subscription,Owning,Balanced,8,16824,2248091,3752418,2323785,-0.014266368687811615,1908873,1623560,11637,77534,39285,15374,452333,17207,7740,372,18166,7041,782,51190,20932,48003,96172,54875,865824,3552,Line of Credit,95629,4841,LIFO,195,1477556,1982,279837,192929,1,0,1,1,1
10089,Manufacturing,LLC,Consulting,Owning,Conservative,16,37125,4061676,2331608,4034420,-0.1024167413906748,984190,2303673,45258,99342,75755,2308,56096,36199,4566,1344,22331,18767,1116,50318,30714,49478,2389,49129,987030,27772,Short-term,343974,7416,FIFO,114,1687349,130128,145313,467583,1,0,1,1,1
10090,Manufacturing,Sole Proprietorship,Software Sales,Owning,Conservative,10,11979,1860462,3980010,874874,0.04469626870329435,620198,3485488,37693,36624,72846,22301,138982,22912,2196,8515,22978,10846,1750,178090,62803,15434,55076,-6077,809093,41650,Line of Credit,312682,11633,Weighted Average,159,3609974,148218,427994,177599,1,0,1,1,1
10091,Tech,Sole Proprietorship,Consulting,Owning,Balanced,4,31189,4158848,3691771,929493,0.1708207259180211,417891,3030745,11824,18440,37307,9793,474599,36919,789,2431,19904,38644,2576,134078,44743,47246,66299,39196,680951,31168,Line of Credit,314454,38653,FIFO,161,4364899,186915,369523,80648,1,0,1,1,1
10092,Manufacturing,S-Corp,E-commerce,Leasing,Balanced,18,47600,909178,4129441,818799,0.04628453537664878,1004210,4654068,28950,51501,96167,2620,333329,36981,3475,19168,26355,19924,4027,49759,7552,37649,89461,-47605,343862,17816,Short-term,409124,1594,Weighted Average,254,4787039,77737,279795,289081,1,0,1,1,1
10093,Manufacturing,Sole Proprietorship,E-commerce,Owning,Balanced,2,17504,8032310,1010652,3573716,0.04159043165683424,520201,3312923,25488,92333,81280,30883,50248,15235,9856,10585,11324,45657,3336,288642,61627,2999,92085,52449,720595,7740,Long-term,120266,15393,LIFO,472,2166909,83446,162038,178744,1,0,1,1,1
10094,Tech,C-Corp,Subscription,Leasing,Conservative,17,25669,4877402,2238370,3547447,0.21911521054090027,1570813,3205741,41008,6269,20867,38534,205728,41757,1309,15462,28149,13882,4387,35989,50987,15849,39023,71747,280114,32059,Long-term,193362,36380,LIFO,385,804402,89567,276419,252634,1,0,1,1,1
10095,Manufacturing,C-Corp,Software Sales,Leasing,Conservative,13,11910,7034106,1598485,919459,-0.019298110466406837,1061566,2508714,2215,12868,57523,38960,395167,33547,864,1695,3218,14738,1487,166640,84810,11903,50029,96851,57922,3738,Long-term,451850,46056,Weighted Average,428,1459485,24636,50606,11112,1,0,1,1,1
10096,Finance,LLC,E-commerce,Leasing,Balanced,4,39964,7586327,1617343,2221533,0.2298973374058228,1064863,226486,42067,35251,85161,40390,458428,48119,5389,1907,20141,21019,3875,389179,50380,48468,39941,21028,503614,43675,Long-term,279843,23743,Weighted Average,15,1008892,83850,6658,438761,1,0,0,1,1
10097,Retail,Sole Proprietorship,E-commerce,Owning,Aggressive,26,25131,2662605,3375495,1862744,0.0034024004758617665,1932994,436888,13523,82909,7378,7093,468917,43810,3363,17164,4016,1095,3631,338721,34250,6445,88993,88183,827187,1065,Short-term,236241,32971,Weighted Average,37,398976,159404,230571,492233,1,0,0,1,1
10098,Retail,S-Corp,Software Sales,Owning,Balanced,25,30227,821037,3435744,2331136,-0.035883447160830306,751576,3566597,12364,89523,85685,23259,79888,19276,8215,1019,2837,38669,4192,377375,73344,36396,53950,91056,655214,22262,Line of Credit,256249,5861,LIFO,155,2167680,183506,77468,320499,1,0,1,1,1
10099,Tech,C-Corp,Consulting,Owning,Aggressive,11,10978,5607683,805612,3681644,0.02699495559984949,1078644,845988,5153,43729,77958,21655,206354,31923,3003,11457,26957,40983,3958,171171,69686,19040,86959,43176,29416,6058,Short-term,71912,38534,LIFO,486,3464102,84866,412464,85561,1,0,1,1,1
10100,Healthcare,C-Corp,Consulting,Owning,Aggressive,7,26991,6517954,4044528,3883139,0.1812234793374342,1647324,560428,25834,20734,28926,34005,240346,5534,8502,1403,22384,45679,3397,362044,50028,1246,76054,-23076,23672,16875,Long-term,150327,37126,FIFO,432,4262546,193343,422653,175154,1,0,1,1,1
10101,Tech,S-Corp,Subscription,Leasing,Balanced,12,22153,1121469,2126475,3133510,-0.13699898606800287,907198,4467632,36474,47429,99707,32629,94533,26469,1231,17810,16312,14123,73,443855,20295,32153,65363,-17423,486684,26210,Long-term,84183,15846,LIFO,27,479099,63726,175799,128181,1,0,1,1,1
10102,Healthcare,S-Corp,Consulting,Owning,Balanced,10,38548,6856350,2191912,4225224,-0.10179039206399132,1639282,2099706,45066,46337,14180,24610,41954,36074,7959,8855,7034,28132,1359,376823,60248,6212,61742,88783,138145,11603,Short-term,65282,27177,Weighted Average,492,3280416,81901,154273,70482,0,0,1,1,1
10103,Retail,C-Corp,Software Sales,Owning,Balanced,7,47676,5879277,3194311,4487395,0.27572241283154597,1356926,1738782,36335,45325,93837,22602,351863,35670,2711,5868,7309,1079,1091,295626,85205,4339,97896,35548,712356,15674,Line of Credit,63249,34682,FIFO,12,3657310,142180,46150,89098,1,0,1,1,1
10104,Tech,C-Corp,E-commerce,Leasing,Conservative,13,44071,2992371,335622,892050,-0.11225418630932132,1721044,4315665,12400,88600,37931,21409,139876,32563,6581,10839,14379,29657,4853,341356,15523,24142,45215,75093,870527,41990,Short-term,43176,19228,LIFO,67,2643223,69896,251220,414520,1,0,1,1,1
10105,Finance,S-Corp,Consulting,Owning,Aggressive,7,8983,7070199,2012889,2401216,0.08386365896552728,1855295,2899190,12345,67514,25014,12110,223777,46159,7705,10,4239,45278,1941,458477,50530,20394,47857,85168,10064,22293,Short-term,13163,35763,LIFO,30,2145542,174625,488107,395122,1,0,1,1,1
10106,Manufacturing,C-Corp,Subscription,Leasing,Conservative,24,14503,563001,1956862,2607587,0.08965723333096892,1090913,407172,35896,13433,97472,7073,262739,36486,421,6330,12128,32375,3148,490533,18769,36136,55476,16555,78835,28097,Short-term,321354,25009,Weighted Average,96,1140678,41880,282143,66625,1,0,0,1,1
10107,Healthcare,LLC,Consulting,Leasing,Conservative,17,34921,6111493,4076390,304237,0.044812231025122384,1220314,624673,21894,14111,80872,36310,291736,21,9965,15061,20812,24754,4303,302192,68042,13186,28173,39848,211457,9253,Line of Credit,128844,1094,FIFO,215,3445298,53077,256775,475767,1,0,1,1,1
10108,Manufacturing,LLC,Software Sales,Leasing,Balanced,10,21905,2922136,1446436,2554719,0.12237262428840928,267667,265658,30899,68753,59502,16282,40643,34268,946,9230,29669,31153,1244,406281,49645,35607,9395,-41746,933143,38897,Short-term,371731,42452,LIFO,194,2699628,4625,273520,448101,0,0,0,1,1
10109,Manufacturing,S-Corp,Subscription,Leasing,Conservative,29,28953,615693,717540,1948911,-0.0850866371011908,676521,1500641,42635,85583,88736,11195,254793,41802,9378,19209,15856,18344,1285,405252,95743,39973,59768,75410,257795,6818,Short-term,236352,16100,LIFO,135,1687095,39237,318817,396503,1,0,1,1,1
10110,Tech,Sole Proprietorship,Consulting,Leasing,Balanced,10,31806,2736722,2245690,4042981,0.07633113388837409,1052321,1740283,30229,78620,6470,2537,324809,15799,1834,7464,9611,34241,4505,45814,67142,5395,84743,87037,414271,33569,Long-term,339123,33917,Weighted Average,290,723446,2223,270620,343390,1,0,1,1,1
10111,Manufacturing,S-Corp,Subscription,Leasing,Aggressive,24,27168,7918114,1638236,1459920,-0.013913372376551436,534241,764085,7583,26751,97395,18138,414039,26336,1564,14746,4150,37656,3036,200766,30557,16290,46229,53025,986724,20651,Short-term,83860,18430,FIFO,32,251360,191375,253465,284732,1,0,1,1,1
10112,Finance,S-Corp,Software Sales,Leasing,Balanced,4,9583,339017,4755815,2219441,0.1308336298145945,907099,761993,6897,21453,15953,45328,268116,3641,7332,3003,25906,4979,770,420140,84782,23151,26639,80509,359738,40774,Long-term,157215,36571,FIFO,373,889946,66197,337046,388054,1,0,1,1,1
10113,Manufacturing,Sole Proprietorship,E-commerce,Leasing,Conservative,20,43714,514994,3032410,2777946,-0.12938822831342528,1420791,735571,8001,90844,39507,47202,278026,21596,4944,7195,11109,1212,1843,401637,83382,4691,62583,-17037,956931,9201,Long-term,272064,25974,FIFO,39,2860689,75693,358413,138658,1,0,1,1,1
10114,Tech,Sole Proprietorship,Software Sales,Owning,Conservative,4,44896,1041768,1454355,3788529,0.08543870841973811,1166640,838282,45881,43968,93969,41164,197466,32959,1308,19472,1446,9001,73,70204,42085,8470,28924,-46727,651204,7462,Long-term,87911,32129,FIFO,352,4100570,112555,214066,30967,1,0,1,1,1
10115,Finance,Sole Proprietorship,Software Sales,Owning,Balanced,22,16889,5812044,2725480,3598818,-0.10736482230833816,976255,481761,6567,35077,92493,25207,464271,13306,2986,13662,26016,13248,1660,42844,55708,4841,72969,-34670,916740,38697,Line of Credit,305140,48234,Weighted Average,427,3824379,38760,461094,402297,1,0,0,1,1
10116,Retail,LLC,Software Sales,Owning,Balanced,7,32413,8143846,3474083,1489466,-0.060678468442481814,1437231,3445715,11271,39775,7523,21619,154841,46182,386,13739,11936,33187,4349,258827,56357,38116,30104,26422,878948,49134,Long-term,409964,21860,LIFO,427,4324395,111174,103331,490656,1,0,1,1,1
10117,Manufacturing,C-Corp,Software Sales,Owning,Conservative,22,17275,1176941,2514722,1401236,-0.0906450998382084,1551181,4112748,49116,63144,87923,25845,25020,8587,6131,15588,11036,15608,819,255256,18470,18776,37594,72089,861098,30541,Short-term,361215,8276,LIFO,206,3002856,128192,418831,296400,0,0,1,1,1
10118,Tech,LLC,E-commerce,Leasing,Aggressive,1,7461,565982,2951092,2128062,-0.10858111006559146,427974,2584469,13703,53570,58190,25310,435964,31359,9353,1789,6468,36427,3818,354087,83712,7060,3664,-46788,205346,7748,Short-term,479467,1551,FIFO,387,593681,190038,16164,199420,1,0,1,1,1
10119,Retail,C-Corp,E-commerce,Owning,Aggressive,12,19291,2638568,2300229,2396632,0.21285547578033348,1527572,327942,15329,51097,48761,38899,364765,21498,3258,19420,14021,31368,331,31518,84082,28584,10528,37594,914726,20329,Long-term,52252,49248,FIFO,430,1138346,30024,306460,428268,1,0,0,1,1
10120,Retail,LLC,Subscription,Leasing,Balanced,24,16435,373146,1572534,1874907,-0.05714621616955484,1839550,3904456,37509,29503,32169,31562,347518,4662,6121,7598,22174,5283,1421,420275,11805,49293,28190,82152,283010,2703,Long-term,389878,9486,FIFO,416,3140309,24202,204632,400265,1,0,1,1,1
10121,Healthcare,C-Corp,Consulting,Owning,Aggressive,13,32935,5553174,1772907,3901774,0.26356189093222465,547466,3855204,8256,7779,46641,29036,44912,37094,4811,4838,4175,25854,3655,33052,87324,5300,66033,-17325,13889,25870,Short-term,461395,18527,LIFO,43,819800,120414,165631,222044,0,0,1,1,1
10122,Finance,LLC,E-commerce,Owning,Conservative,10,38453,6224152,2565967,3673795,0.2849632626725954,576119,347462,2228,91840,23990,9697,12879,41833,6574,5872,15390,10715,4931,266346,99884,4338,61161,-27993,128194,35747,Long-term,404666,10745,LIFO,484,4399689,52524,330112,228423,0,0,0,1,1
10123,Manufacturing,Sole Proprietorship,E-commerce,Owning,Balanced,15,23544,1264795,4725112,3517084,0.08563023496854866,153248,3938207,26746,5755,30661,18513,33798,27197,6697,11367,5080,16165,1691,79803,67028,6487,73177,63805,134714,10886,Line of Credit,57756,42128,FIFO,337,68838,175980,202872,199551,0,0,1,1,1
10124,Tech,S-Corp,Consulting,Leasing,Conservative,27,17258,9877938,2920574,4367802,-0.1284994386671368,1171882,4554350,18678,44263,14419,44039,107791,20719,3933,4299,15471,34108,4550,81524,55772,37282,70179,32641,975730,934,Long-term,317379,13997,Weighted Average,496,2650174,168139,145119,352876,1,0,1,1,1
10125,Healthcare,LLC,E-commerce,Owning,Conservative,13,35841,7230030,2938939,3439752,-0.012725878310209382,184726,431773,39052,60087,15457,4145,483042,24665,1439,17357,14893,26797,4408,234582,57104,30529,70592,45815,565623,43498,Line of Credit,357690,19330,LIFO,259,2748627,141432,443201,463416,1,0,0,1,1
10126,Finance,C-Corp,Software Sales,Leasing,Aggressive,23,15736,2777747,4036280,3840986,0.198866131674107,1847156,2440630,48032,47281,68600,28818,177145,43239,6169,7083,17248,47573,227,361716,78616,31262,32899,-3185,60547,34974,Line of Credit,398236,41078,LIFO,249,4313633,99228,208195,224697,1,0,1,1,1
10127,Healthcare,Sole Proprietorship,Software Sales,Leasing,Balanced,22,42643,2509381,2094940,763858,-0.016304635651464783,964131,4573167,48158,56482,77102,31544,337935,25032,4480,5494,23244,10584,2881,411896,94300,12280,70979,33482,167234,25144,Line of Credit,392946,39585,FIFO,74,2637298,105755,404793,486356,1,0,1,1,1
10128,Finance,LLC,Consulting,Owning,Balanced,22,48950,7126492,2149409,2858907,-0.15649139084860564,727910,2840514,25185,59857,34085,14100,329127,12641,55,11317,16009,14780,4953,77021,11630,44075,17241,-49361,754809,38993,Long-term,216325,25829,Weighted Average,373,3571141,145013,481387,140145,1,0,1,1,1
10129,Finance,LLC,Subscription,Owning,Aggressive,21,39964,8409411,3222382,84816,0.07839245546409396,394169,2805126,35686,22400,98064,21104,436221,41964,3324,19790,25047,37905,2865,221321,20701,29804,46211,13593,690047,18788,Line of Credit,375565,44336,FIFO,319,875327,16993,139942,405722,1,0,1,1,1
10130,Manufacturing,Sole Proprietorship,Subscription,Owning,Conservative,22,33044,6959216,3931857,44138,0.22256042574801738,720270,4276399,13445,45115,51654,5067,487947,30028,6777,3129,6217,21573,2575,292187,19859,10915,63472,28038,895188,4459,Line of Credit,407880,9070,FIFO,367,4973225,15620,39094,108120,1,0,1,1,1
10131,Finance,LLC,Consulting,Leasing,Conservative,28,44933,3043295,4587871,4203960,0.19796319357175118,110417,2737364,35266,19249,7130,37963,133922,45494,105,104,5672,33359,4522,12419,26183,12158,74248,43899,283139,47789,Long-term,333779,2320,Weighted Average,296,3286152,124271,322473,161781,1,0,1,1,1
10132,Healthcare,S-Corp,Consulting,Owning,Conservative,9,20997,3383616,341464,3276904,-0.11243842993482339,733611,3633638,4809,51825,3042,31728,159472,15651,3201,7433,1502,526,464,197964,45438,9621,73757,-46264,459704,11643,Line of Credit,290369,24507,Weighted Average,274,3091487,21193,145289,199607,1,0,1,1,1
10133,Finance,LLC,Software Sales,Leasing,Conservative,26,19215,177175,4789400,3904044,0.13638230720623334,448638,2727892,39729,29600,71134,33317,274097,8536,669,7689,21068,7855,277,131831,47244,11547,31346,-33527,12631,40093,Long-term,204245,39921,Weighted Average,323,4053415,52559,350282,316984,1,0,1,1,1
10134,Manufacturing,S-Corp,Subscription,Leasing,Balanced,9,38069,2178808,2723829,261552,-0.08974786828217646,1080560,97593,43785,42706,43982,32416,106410,45712,8934,3567,1410,43463,4114,254688,79312,24177,81196,78771,962458,39615,Short-term,374029,7589,LIFO,359,340217,22248,71141,255512,1,0,0,1,1
10135,Manufacturing,S-Corp,E-commerce,Owning,Balanced,15,28911,1457453,168581,83764,-0.0908962327239139,1157888,701252,38547,24222,99422,43012,125155,6273,966,17565,3770,34060,65,111799,20021,47253,77124,75801,147039,46109,Line of Credit,90333,28459,FIFO,190,264042,177924,158415,384791,1,0,1,1,1
10136,Healthcare,Sole Proprietorship,Software Sales,Owning,Aggressive,10,22030,3111786,3902256,2260182,0.23703588665259256,212458,912473,44818,46139,66185,41049,154607,6284,307,4644,10097,29482,4262,420356,74863,3459,42220,57598,884726,23040,Long-term,176297,16589,LIFO,138,245683,137099,133307,201659,1,0,1,1,1
10137,Retail,LLC,Consulting,Leasing,Aggressive,24,34334,195028,388540,1937951,-0.07516552362988493,1151867,136202,36886,46302,34477,3509,206608,25692,2138,14966,21043,16571,402,446700,60565,29768,17942,36623,359422,35981,Short-term,277951,37375,Weighted Average,436,1284123,64410,186894,69321,1,0,0,1,1
10138,Retail,Sole Proprietorship,Subscription,Leasing,Balanced,26,19571,1658242,551590,356462,-0.06837632674099442,813567,2184758,8391,99684,53709,22400,468255,8817,109,11330,4001,31740,3983,204941,53043,39041,49167,-13180,598759,30469,Line of Credit,481490,44085,LIFO,457,1312179,5260,411219,244855,1,0,1,1,1
10139,Finance,LLC,E-commerce,Leasing,Balanced,25,47719,4419453,1468412,929855,-0.19967330461935023,544608,3279497,2145,92838,29716,49270,252712,28955,3632,4394,28080,19142,4504,186282,78150,43225,36373,7589,309260,12061,Line of Credit,11402,44200,Weighted Average,302,1348142,38596,457754,53202,1,0,1,1,1
10140,Tech,LLC,E-commerce,Owning,Conservative,29,33927,5048008,3410492,1454718,0.23533451706275882,1040462,128542,15929,73159,79137,7533,343173,26555,6728,3534,19867,25104,3478,329744,69361,39191,67143,-31586,888548,23078,Long-term,9521,34168,Weighted Average,311,2189815,10012,430305,197660,1,0,0,1,1
10141,Finance,C-Corp,Software Sales,Leasing,Conservative,10,25714,5545315,1680369,2197280,0.19629740660456735,1555963,1427158,26326,13646,37018,15670,4055,20378,5684,12388,20946,8625,3444,388611,6245,18434,2016,77378,437443,13287,Short-term,199237,27732,FIFO,430,4315520,26823,451811,144162,0,0,1,1,1
10142,Healthcare,LLC,Subscription,Owning,Aggressive,8,48541,8652442,922328,848301,0.11366446754533899,697044,1845932,31991,18543,9061,4932,300314,41182,6499,11319,598,39199,4692,350641,46011,39247,69110,-25780,667302,7012,Long-term,255885,32511,FIFO,331,2892040,74851,350341,331375,1,0,1,1,1
10143,Healthcare,Sole Proprietorship,Subscription,Leasing,Balanced,24,28387,2467555,4859479,4220266,0.17513288196942112,993417,2682762,49685,99496,9609,48363,229016,17127,1915,6475,25567,15926,4419,118611,15355,16419,46309,10531,581952,11096,Line of Credit,381837,23426,FIFO,444,1325068,48027,349462,293696,1,0,1,1,1
10144,Healthcare,S-Corp,Consulting,Leasing,Aggressive,16,33444,9718395,3160691,4386657,-0.12397571628775411,1943782,1653906,39333,27785,36371,46809,238657,49614,556,18158,26508,31218,3039,147559,53692,36017,7274,60002,693429,32246,Line of Credit,13382,31982,LIFO,353,4509191,84794,166101,235743,1,0,1,1,1
10145,Healthcare,LLC,Subscription,Owning,Balanced,17,24921,3112359,1408097,152935,0.029161797293787706,435105,3726434,18576,83353,84021,39328,362120,17952,7619,14728,10976,44472,1437,332836,54004,36577,15748,-40613,97342,20430,Line of Credit,378140,17746,FIFO,484,554396,26099,84023,221299,1,0,1,1,1
10146,Healthcare,C-Corp,Subscription,Leasing,Conservative,26,18057,9814177,3350354,4091889,-0.024390306325609568,1819785,465433,41405,36406,21805,37784,290395,11539,104,12006,19425,26380,428,72112,34714,3921,20175,26815,24407,48450,Line of Credit,20065,29514,Weighted Average,282,1273282,102427,449540,436957,1,0,0,1,1
10147,Manufacturing,Sole Proprietorship,Software Sales,Owning,Aggressive,27,29858,9905436,1344315,1378306,-0.15311173687149177,1428791,4829291,30464,93992,8857,24723,397748,46761,2047,16150,24544,20566,2682,434326,22198,5676,11826,-22416,123926,30701,Short-term,352614,4851,FIFO,411,3726196,37992,319106,293805,1,0,1,1,1
10148,Retail,LLC,Subscription,Owning,Aggressive,5,49638,2514165,2625508,2190205,0.04306524260746203,1772835,100140,10243,56428,12620,1719,135996,46219,145,446,6391,33205,2777,249040,71951,21425,83008,-5217,331345,19187,Short-term,19425,20796,LIFO,166,4007422,120942,380181,182097,1,0,0,1,1
10149,Healthcare,Sole Proprietorship,E-commerce,Leasing,Balanced,4,31062,7304776,2426219,4320650,0.2603698251713177,1323659,1525554,33601,28777,9177,1074,48037,14692,873,108,23671,43548,3378,288504,6652,36185,34129,74494,876525,36489,Long-term,280255,11498,FIFO,278,4880787,118886,175114,409308,0,0,1,1,1
10150,Tech,C-Corp,Software Sales,Owning,Conservative,18,41850,3308823,1408311,1409391,-0.17997044047465277,1996850,1594645,4410,62939,31111,27498,471298,18120,298,3239,16450,29717,392,452626,48625,14463,70009,65814,457564,30683,Long-term,176871,33852,FIFO,26,2069871,143049,92601,438890,1,0,1,1,1
10151,Tech,C-Corp,Software Sales,Owning,Aggressive,24,25567,7557918,4560784,4350518,-0.05426954325310307,1023466,1457307,3820,58026,89578,32345,92115,13334,3238,5931,14908,49984,4541,243451,90982,26474,23490,80752,747341,21258,Long-term,58257,35592,FIFO,470,4538382,188306,474596,141642,1,0,1,1,1
10152,Tech,Sole Proprietorship,Consulting,Leasing,Conservative,19,34739,5151646,1339467,2622153,-0.09622953189714828,654151,3756962,37289,91450,85181,21541,464837,28615,8837,4053,24507,41756,341,231490,23740,41935,41435,91929,552166,1582,Line of Credit,391134,45845,LIFO,453,1933894,179448,89859,415300,1,0,1,1,1
10153,Tech,LLC,Subscription,Owning,Aggressive,4,48285,3725654,214074,893329,-0.08092667316715185,61777,3240786,40650,34553,90941,46929,340070,7903,6382,13746,11590,25135,132,355182,8810,2469,75017,23588,93100,41905,Long-term,197249,16930,Weighted Average,419,50881,166050,95933,337987,1,0,1,1,1
10154,Manufacturing,S-Corp,Consulting,Owning,Conservative,28,8754,385711,2620466,1770085,0.2542172759396876,66250,4686103,36635,28548,12826,35917,472032,28527,2511,1245,16279,28164,264,476383,21569,8292,8520,98067,875061,31332,Short-term,394957,46317,Weighted Average,450,3263899,10218,50957,463968,1,0,1,1,1
10155,Tech,C-Corp,E-commerce,Owning,Balanced,7,32044,5378172,3705180,2066110,0.03403452711714505,1928042,3461001,9465,68221,14890,27028,482870,15629,6596,19104,2750,8953,4188,275161,84120,26409,91951,-36420,458636,46391,Long-term,348190,43881,Weighted Average,483,3065313,22788,350008,341422,1,0,1,1,1
10156,Healthcare,LLC,Software Sales,Leasing,Aggressive,10,6724,9611997,4533120,3124562,0.03314970646990939,911372,3426403,34439,42265,83428,30545,70400,17740,783,13839,25045,38562,1685,358405,31783,24526,83106,-31760,504308,46310,Long-term,304995,48900,FIFO,73,4432119,21501,393502,248350,1,0,1,1,1
10157,Finance,LLC,Software Sales,Owning,Aggressive,25,6376,7012880,840645,476542,0.18028782122764114,1370850,1808594,29314,45701,59031,15033,99525,33782,4992,12856,9916,3574,1434,201196,83047,24465,61877,33446,233059,47401,Short-term,13816,42590,FIFO,115,2428247,104733,310883,104328,1,0,1,1,1
10158,Tech,S-Corp,Software Sales,Leasing,Conservative,18,13706,675919,3337093,4179394,-0.12275389799753711,495147,3631420,46229,56287,76020,32673,363308,26708,370,5105,6806,20169,1660,257418,14471,31955,19798,54533,577456,18476,Short-term,476069,22159,LIFO,51,2388048,16210,305877,403981,1,0,1,1,1
10159,Manufacturing,C-Corp,E-commerce,Leasing,Conservative,19,13894,3431106,1067481,3020672,0.04363267705002538,1773282,2399127,21583,11727,6495,31974,223457,10860,486,2922,6429,21604,3817,231370,11163,27785,54638,30974,260396,38876,Line of Credit,7175,30536,Weighted Average,369,661627,129476,50389,136355,1,0,1,1,1
10160,Manufacturing,C-Corp,E-commerce,Owning,Aggressive,4,23037,9341354,3644804,2102087,0.01499260706052985,940041,3953439,29155,55717,29481,24097,224174,17438,7378,2513,8123,24134,2354,454165,68087,22033,69072,23401,784769,6026,Short-term,278485,25252,FIFO,402,725051,75225,165787,248340,1,0,1,1,1
10161,Tech,LLC,Consulting,Owning,Balanced,10,23450,522381,112507,466674,0.09845534527332805,1808698,1905618,40871,37427,12267,37975,141774,1764,3196,2801,28561,49069,265,199340,67071,7931,67309,93283,327006,31586,Short-term,331052,25003,FIFO,171,1017807,177561,175188,296342,1,0,1,1,1
10162,Finance,LLC,Consulting,Owning,Conservative,1,21406,1076433,1155710,122409,0.2997788516252193,35216,4650239,14197,21692,7743,28608,368876,6009,9552,13895,18015,23202,4741,76320,21065,2091,29894,-46354,38004,22063,Long-term,161726,41186,FIFO,268,4498791,64721,324066,71201,1,0,1,1,1
10163,Tech,S-Corp,Consulting,Leasing,Conservative,23,34725,8322462,2388377,3668104,0.18472444704102353,366293,2887448,31511,36625,55800,24525,15385,20842,4287,6981,6452,684,1136,496772,88456,26772,62963,-7184,816903,6972,Short-term,459111,36139,LIFO,3,244320,174725,454467,345415,0,0,0,1,1
10164,Manufacturing,S-Corp,Subscription,Owning,Conservative,18,10926,5000164,4437373,2035141,-0.0010671484912864182,547297,1261661,17424,29918,49773,16043,271480,42372,2261,8221,17158,37001,4549,245067,53348,17363,54567,39460,534252,3275,Line of Credit,64696,40836,Weighted Average,210,4758265,173022,460010,222810,1,0,1,1,1
10165,Retail,C-Corp,Software Sales,Owning,Aggressive,5,44019,6436356,856564,3865258,0.21377652613702347,896336,3474524,2240,46136,58042,42846,327565,48780,9148,6038,15456,49729,4926,222373,24154,29490,35326,-5888,626108,16328,Long-term,193961,23205,LIFO,376,3522896,140988,22580,450415,1,0,1,1,1
10166,Healthcare,Sole Proprietorship,Software Sales,Owning,Aggressive,15,14496,5779042,3968949,3539701,-0.11464581834375992,1753263,1124100,6631,57409,50476,12725,424441,33435,8572,15082,27588,45765,1390,303271,25229,1260,55059,1048,201239,45276,Line of Credit,223216,31523,Weighted Average,486,789483,197983,383044,414593,1,0,1,1,1
10167,Manufacturing,C-Corp,Consulting,Owning,Aggressive,17,41068,501067,1659473,1967716,-0.18476815684551995,165281,1519390,11599,20577,93105,37704,36021,3370,238,14648,29808,8007,1112,406412,57587,11456,5079,82850,636517,18474,Short-term,350259,45627,Weighted Average,391,4252383,32449,399039,383722,1,0,1,1,1
10168,Tech,LLC,Software Sales,Owning,Aggressive,3,34806,7194176,1761952,1961672,-0.09777581376786348,723803,2017878,46462,90155,29552,43075,396998,38744,6843,364,22491,49379,2234,347232,54713,23320,25838,-4248,487044,22888,Line of Credit,297338,8464,FIFO,481,3209948,90333,264073,220905,1,0,1,1,1
10169,Healthcare,C-Corp,Consulting,Leasing,Balanced,12,27663,560796,787954,1232503,-0.02979422194287018,1607893,4722037,26658,86731,66242,38383,482093,20454,1105,1800,24188,35096,2866,444516,31997,14435,87340,20726,861740,15555,Line of Credit,433053,18110,FIFO,390,2230030,21782,228080,411252,1,0,1,1,1
10170,Tech,Sole Proprietorship,Subscription,Leasing,Balanced,2,46321,7840616,2958056,1173754,0.05529037872977993,1529405,325617,39845,32689,46772,30483,117369,41381,1386,14110,27079,41787,3068,190786,26101,43145,47109,-5212,356113,19115,Short-term,467110,47316,FIFO,338,3282311,21243,274228,312508,1,0,0,1,1
10171,Tech,S-Corp,Subscription,Owning,Aggressive,1,41495,6094376,757173,2943609,0.1075645702705999,754803,1814053,34574,16154,44730,8265,220702,38367,9719,5958,26062,49582,2179,304065,45391,49581,85211,-45253,24568,38386,Short-term,89358,8121,FIFO,301,68720,30379,345135,387371,1,0,1,1,1
10172,Retail,Sole Proprietorship,E-commerce,Owning,Balanced,23,27656,5389283,4560579,1486250,0.25530285860721086,208069,1103015,38536,99948,29948,23763,49111,3650,1667,9096,4019,9255,4967,276890,80863,28025,25594,-49955,543754,23338,Long-term,177648,10840,FIFO,383,1607582,38780,408823,493121,0,0,1,1,1
10173,Healthcare,Sole Proprietorship,Subscription,Owning,Conservative,21,30860,5958338,729447,1683707,0.05492700477522883,1432891,4480756,43910,26341,77311,11116,89402,45117,2691,7436,12419,32262,634,340679,77723,29109,42749,-42242,232129,41228,Long-term,369692,38080,Weighted Average,342,3594541,162812,87455,110353,1,0,1,1,1
10174,Healthcare,Sole Proprietorship,Consulting,Owning,Conservative,17,21832,5089904,1111404,3840315,0.05063782231286468,134456,101563,9995,79681,70093,16733,119774,25708,7756,12638,929,18093,3631,75350,64405,21754,36292,75076,591612,12964,Long-term,155799,41768,FIFO,115,4705871,115944,379684,259043,1,0,0,1,1
10175,Retail,S-Corp,Subscription,Leasing,Conservative,22,43787,9492609,3030248,3191396,-0.17487849508850895,1393279,2858768,27186,51330,70123,47660,253724,42662,1996,179,19396,5782,1399,191417,39948,5301,74534,90926,898640,40864,Short-term,39579,10461,FIFO,167,3089474,20984,483146,178515,1,0,1,1,1
10176,Manufacturing,Sole Proprietorship,E-commerce,Owning,Aggressive,16,26727,412023,2663987,3408270,-0.1825442236718881,871324,1355801,31245,92759,17535,26502,215657,3190,1425,3873,21408,1234,4786,250678,58031,8207,79233,6950,156539,7740,Line of Credit,101554,21927,LIFO,435,3918486,1050,381684,404879,1,0,1,1,1
10177,Tech,Sole Proprietorship,Software Sales,Leasing,Conservative,5,47815,6370016,2803913,2292641,0.07557998095818602,876841,2837754,24813,73416,67490,38420,304863,48113,8023,17570,6264,37973,2739,452436,42921,28920,51818,98421,610243,5442,Line of Credit,152627,25398,LIFO,265,4620384,138662,474571,180316,1,0,1,1,1
10178,Finance,Sole Proprietorship,Consulting,Leasing,Balanced,15,34545,7420583,2585232,384126,0.019089306624172242,1994715,1592701,15276,91807,47562,44241,227600,8789,6849,15455,29892,34188,3170,353275,77571,23203,13429,-30545,980452,20122,Long-term,320438,34086,Weighted Average,227,4826970,41205,258297,461607,1,0,1,1,1
10179,Tech,LLC,Software Sales,Owning,Aggressive,3,49522,7922636,2428907,2445514,0.2195901974901493,839497,4963799,21989,38313,90080,10247,180109,32125,3247,17157,7973,31996,1865,32063,82007,22545,57748,38552,157748,14036,Long-term,54777,16329,Weighted Average,151,2818627,16162,148041,349708,1,0,1,1,1
10180,Tech,Sole Proprietorship,E-commerce,Leasing,Balanced,28,7520,3277902,4582688,1882360,-0.11966020764407742,1835335,1700992,14746,51900,59535,24840,473319,33159,2592,12797,9697,29204,1955,127116,33460,25016,48807,-3884,104791,2100,Short-term,404122,16791,LIFO,268,1453038,50746,461275,488575,1,0,1,1,1
10181,Manufacturing,S-Corp,E-commerce,Leasing,Conservative,7,8081,855111,2879915,1177411,-0.1875141689414752,402688,4372200,46243,83840,99991,22058,125695,17459,1490,4460,21113,17152,4677,474952,26071,32098,7140,70461,696874,6200,Line of Credit,45751,15372,LIFO,116,2562322,145177,284477,156149,1,0,1,1,1
10182,Tech,Sole Proprietorship,E-commerce,Leasing,Conservative,11,39196,2420715,2413162,1710357,0.024519383965062924,1438060,1027497,20557,39695,42269,35929,134585,35418,1224,15316,24345,42364,2218,361057,71118,9556,63226,-9516,905150,39339,Long-term,205671,49703,FIFO,88,1704009,169571,475452,198921,1,0,1,1,1
10183,Retail,Sole Proprietorship,Software Sales,Leasing,Conservative,10,41735,2334805,4931909,2952511,-0.08126072162387127,53783,3869949,30060,35225,81674,19635,246255,46368,2587,352,11136,25019,1389,351090,53282,47563,14901,31638,556938,10748,Short-term,113750,28354,FIFO,318,1997924,168713,394326,115447,1,0,1,1,1
10184,Retail,S-Corp,Software Sales,Owning,Aggressive,9,44213,4404459,965113,3370922,-0.1751928133305813,54152,4234367,8568,91072,43462,26628,144407,47085,7714,5344,19203,19488,4879,187043,96725,21102,88815,84476,360434,45791,Long-term,79180,49469,Weighted Average,242,1606282,12628,495544,291775,1,0,1,1,1
10185,Healthcare,Sole Proprietorship,Software Sales,Owning,Balanced,14,19566,1999054,2742794,3739509,0.16229914342381446,1651605,3749469,37369,54156,4127,32362,175212,18768,3064,4507,29734,37123,3130,144670,63445,39893,28525,50647,87701,17593,Short-term,243986,45018,LIFO,360,3123300,174104,234919,193724,1,0,1,1,1
10186,Finance,S-Corp,Software Sales,Leasing,Aggressive,13,19042,3557550,2261549,4195479,-0.14420350002137627,1962057,264371,21041,82209,24147,21953,104126,49961,7804,4830,23039,19689,4276,20564,86067,2924,20491,15642,807115,19855,Line of Credit,209750,22537,Weighted Average,329,2729515,197101,41668,470662,1,0,0,1,1
10187,Tech,Sole Proprietorship,E-commerce,Owning,Aggressive,29,30498,1650184,2395704,3342198,0.10415975000388583,464718,3093128,8080,92453,46528,20128,211445,15563,832,11220,1184,28506,4114,252124,87208,20479,68816,-3991,239164,17677,Short-term,298788,35370,FIFO,333,3668850,39516,279089,305644,1,0,1,1,1
10188,Tech,S-Corp,E-commerce,Owning,Conservative,25,16329,4274482,4631025,337986,-0.05947512491655543,1621956,2209318,15854,32829,78095,48356,77658,27885,2440,117,24864,17715,1249,237506,59816,40451,34980,78824,463035,19983,Long-term,38521,26405,Weighted Average,40,2444523,88157,107528,423113,1,0,1,1,1
10189,Manufacturing,Sole Proprietorship,Consulting,Owning,Aggressive,25,36656,8253113,473332,3806001,-0.113251974822489,168725,3104510,4159,85908,69931,13061,165912,21885,4795,16865,22727,41029,3166,321869,90779,19922,95525,-20395,615266,44315,Long-term,16564,42815,Weighted Average,182,4620355,133548,51526,331059,1,0,1,1,1
10190,Retail,Sole Proprietorship,Consulting,Owning,Aggressive,2,7159,3373523,342575,2505912,-0.01012423854034128,511215,1172180,29025,30938,91925,7041,293151,6895,1646,4287,26387,13765,1245,96134,8060,19660,8078,60879,539148,39033,Line of Credit,110155,24703,Weighted Average,490,1556843,120558,52717,440593,1,0,1,1,1
10191,Finance,LLC,Software Sales,Owning,Conservative,3,42900,8577276,1509700,2062784,0.20072288811147682,1823500,430888,43081,64164,67381,13673,450163,23958,440,4477,16911,21942,53,115940,18731,47099,91654,70827,669089,526,Line of Credit,468856,16234,FIFO,209,907889,41800,457642,479886,1,0,0,1,1
10192,Healthcare,LLC,Subscription,Leasing,Aggressive,7,24363,7061383,79336,893605,-0.003953211547713664,191541,1373133,6368,59530,64749,22059,106833,1531,5956,6533,916,38712,2910,463156,82830,10945,89521,-44420,565639,39961,Long-term,425515,8532,Weighted Average,391,3535376,36788,237242,374904,1,0,1,1,1
10193,Retail,Sole Proprietorship,Subscription,Owning,Conservative,21,48241,8060339,3251078,2412948,0.17538482460552784,1847000,200285,36085,73199,39672,35328,118637,5481,9721,16627,26284,39894,2396,72085,25719,1306,48704,64902,515920,22206,Long-term,446174,41134,FIFO,273,3814218,121754,220238,299041,1,0,0,1,1
10194,Healthcare,Sole Proprietorship,E-commerce,Owning,Conservative,18,24033,2870742,1692425,1355823,-0.13725685160042467,1417203,3206699,29094,65282,14731,45722,382865,23932,2367,12755,3574,49632,442,27862,52042,23959,16997,-44600,334888,25160,Long-term,192150,36416,LIFO,119,3723535,27240,242644,188352,1,0,1,1,1
10195,Manufacturing,C-Corp,E-commerce,Owning,Conservative,3,15805,2870374,2657622,3473372,0.18638570983253955,928017,2527649,48040,52801,55512,18548,93220,21360,6696,865,3319,38031,4675,282409,54116,5231,79810,46032,689706,39877,Line of Credit,411637,7903,Weighted Average,382,699520,142994,357624,111639,1,0,1,1,1
10196,Manufacturing,S-Corp,E-commerce,Owning,Conservative,10,40851,7396405,1936963,810692,-0.08153333754667569,341898,2221130,3230,14465,99658,16078,26393,43642,5190,11173,17790,20478,3611,150777,31325,39796,868,77319,916630,42582,Long-term,355891,19242,Weighted Average,434,4681905,65198,487112,385993,0,0,1,1,1
10197,Tech,C-Corp,Consulting,Leasing,Aggressive,22,31832,6946539,2822605,468745,0.13869656494443638,705338,1217739,19517,8326,52024,6419,57480,24829,4663,5329,17625,22551,4377,196351,27597,13207,26398,56960,870587,16758,Line of Credit,278346,14788,FIFO,24,3569292,59739,214421,121118,1,0,1,1,1
10198,Finance,LLC,Consulting,Leasing,Conservative,29,18944,8759522,1497947,713812,0.08289077742049816,1156168,2211016,25991,8659,4832,36490,379387,19932,7062,603,5206,48068,2407,72471,72439,40426,81578,-10985,131449,38577,Long-term,376551,36249,Weighted Average,258,627748,13089,140673,329464,1,0,1,1,1
10199,Healthcare,LLC,E-commerce,Leasing,Conservative,7,24873,4209803,4226426,2972977,0.26457235860584366,1425263,3138411,3301,65289,33332,11550,350434,38931,4331,5756,23633,28072,822,101080,19551,7336,97356,21713,610988,33279,Short-term,440401,35588,FIFO,483,268792,33600,280074,213664,1,0,1,1,1
10200,Retail,LLC,E-commerce,Leasing,Aggressive,9,45372,5736289,3906756,3610118,-0.006338741012342997,63169,4598599,30610,32594,13467,31337,479551,38032,9496,11254,19517,35561,3702,483050,98287,47664,21246,96046,769774,24654,Short-term,139757,30513,Weighted Average,92,4843260,178248,9333,497702,1,0,1,1,1
10201,Manufacturing,LLC,E-commerce,Owning,Aggressive,17,28928,8851063,1548339,1398126,-0.1669174055827798,1510079,2726826,17927,9763,42025,2468,366407,15890,3034,4018,17182,2892,2939,466195,29278,10630,20561,95109,803387,30184,Long-term,95197,44039,LIFO,467,1083205,9167,207007,340433,1,0,1,1,1
10202,Tech,Sole Proprietorship,Subscription,Leasing,Balanced,11,20379,1134586,726296,3857042,-0.19042225722437356,74745,1498543,36678,93657,14107,25309,140179,18807,9377,5192,17907,33966,4736,327972,96189,18256,16254,97239,993146,15889,Short-term,47637,20542,LIFO,161,855488,79352,125384,41941,1,0,1,1,1
10203,Tech,LLC,Consulting,Owning,Aggressive,7,41751,6140502,429039,576644,0.21342928048637655,1703032,2712303,26466,15828,78994,1808,268137,11767,3262,2015,23593,24395,1031,389028,20141,34909,34512,38754,267571,26824,Line of Credit,154438,33294,LIFO,149,3963433,153236,22839,240748,1,0,1,1,1
10204,Healthcare,Sole Proprietorship,Subscription,Owning,Aggressive,24,39546,5647094,578714,692416,0.06236781883071607,658273,2447587,16904,52588,95202,25747,489557,8071,2107,9850,28683,18756,2016,118007,72913,42168,89532,-6852,473506,28185,Short-term,29276,4684,Weighted Average,117,158966,86965,318481,155306,1,0,1,1,1
10205,Manufacturing,Sole Proprietorship,Subscription,Owning,Balanced,28,29286,3200581,2961190,3187915,0.18762202591747462,1058347,3162963,42875,16221,44481,7719,93650,26149,7036,3380,4928,22174,562,56104,38615,34719,94154,72790,447509,27695,Short-term,348090,24795,Weighted Average,458,988305,126540,438420,85172,1,0,1,1,1
10206,Finance,LLC,E-commerce,Owning,Aggressive,14,10110,2761637,4685352,2813737,-0.08278719999424267,1860551,1121288,28081,16211,3581,17363,234397,15540,4320,3770,16105,34651,2538,50934,67751,43017,77395,36078,726696,22297,Line of Credit,446455,4651,LIFO,53,2239540,32415,25195,13376,1,0,1,1,1
10207,Manufacturing,LLC,E-commerce,Owning,Aggressive,19,17087,3772277,602439,1747542,-0.027458127243383146,1780328,3308273,26354,18569,76118,29718,379739,35676,5938,5829,2888,797,340,264606,32452,46704,57865,6879,818094,46939,Short-term,342358,11431,LIFO,302,2320660,72895,426064,302927,1,0,1,1,1
10208,Healthcare,S-Corp,Software Sales,Leasing,Aggressive,4,28762,2184504,4192535,4231896,-0.18494806389434054,41067,1781503,29761,42860,52638,29801,52066,4712,2747,1613,2690,8209,4567,386564,27725,31013,23580,69894,540696,6274,Short-term,160647,11131,FIFO,45,645070,80900,94229,444465,1,0,1,1,1
10209,Healthcare,C-Corp,Software Sales,Leasing,Aggressive,26,22081,3121372,323452,1514620,0.28074616228705607,71033,4330153,20300,76558,9418,44359,373994,26201,4677,13147,4091,41003,3775,16050,55391,15455,70959,15839,705763,32133,Long-term,439617,25091,FIFO,265,3601870,95330,380395,315169,1,0,1,1,1
10210,Manufacturing,LLC,Subscription,Leasing,Balanced,6,39947,4954042,828883,1214846,0.1339339533504067,65256,4459797,31491,50337,94627,38841,305086,44958,7972,15545,23666,49306,2296,185024,80060,5722,72144,-20244,273369,49831,Line of Credit,308374,25845,LIFO,486,4024750,59650,117265,26447,1,0,1,1,1
10211,Healthcare,S-Corp,Consulting,Leasing,Aggressive,10,14596,2571378,4421047,2032569,0.2666025438796531,765993,614111,37525,57311,30113,9012,16138,19899,4264,18263,25817,21346,234,489786,16698,13812,42485,93755,939700,1296,Line of Credit,215496,25491,LIFO,262,2549195,191053,265775,226937,0,0,1,1,1
10212,Manufacturing,S-Corp,E-commerce,Owning,Aggressive,7,43019,3930121,4993772,1889395,-0.06725179628546385,259455,1162791,28532,18515,85363,19029,118558,19787,3133,5372,13960,48025,1116,280628,91711,31276,50621,92097,473002,40547,Long-term,480479,5830,Weighted Average,307,3603719,1615,176926,26713,1,0,1,1,1
10213,Retail,C-Corp,E-commerce,Leasing,Balanced,13,47003,5453912,2239921,1029336,0.10573180561283041,522264,3921087,8464,76695,64044,47660,258480,20982,1465,10538,22633,28024,1908,334792,82850,37776,50665,99787,156444,28889,Long-term,391230,29640,LIFO,234,1358245,177684,369130,401013,1,0,1,1,1
10214,Manufacturing,Sole Proprietorship,Subscription,Owning,Conservative,14,23313,1453324,3248156,3178102,0.1392499841463189,1268993,2453869,18562,92227,80955,42017,437743,22606,4109,148,690,29414,1417,332089,7365,11060,70412,42943,791608,7688,Short-term,134526,8334,FIFO,375,3532385,78937,318142,277002,1,0,1,1,1
10215,Manufacturing,LLC,Software Sales,Leasing,Balanced,4,6013,6853008,4872139,2490979,-0.04122514987120579,959695,757948,43856,29904,62030,48915,271334,10150,2211,1754,25103,40818,4919,194750,48372,14056,50603,98188,551567,24196,Short-term,466833,48387,FIFO,35,2058731,42936,203462,192187,1,0,1,1,1
10216,Healthcare,C-Corp,Consulting,Owning,Conservative,8,28705,6224386,812371,3945513,0.22405461750781502,106803,2569244,49892,64935,12814,1767,354403,20393,5539,7378,1495,5947,1291,41323,49134,7655,21038,-13256,120401,2524,Short-term,159093,10304,FIFO,338,4867993,161444,298702,488224,1,0,1,1,1
10217,Healthcare,LLC,Software Sales,Owning,Balanced,5,6828,3472455,3307945,2072816,0.2735807314501239,1272390,841635,49028,48790,11024,4895,78422,37259,9735,13591,28401,9617,3488,96332,42823,23574,93542,74697,236801,8166,Long-term,407665,48647,FIFO,437,4900150,108812,270129,69834,1,0,1,1,1
10218,Tech,S-Corp,Software Sales,Leasing,Balanced,1,12909,4368173,3818950,101753,0.24242755884800216,138843,1477217,44511,73580,64288,43968,186770,46687,1689,9371,11085,20704,4727,366749,76158,14027,96346,66072,781668,36485,Line of Credit,413873,18032,FIFO,403,4574142,68875,328938,92060,1,0,1,1,1
10219,Tech,S-Corp,Software Sales,Owning,Aggressive,4,43356,6134722,192980,1111984,0.16953348796968626,499809,2754686,10683,80148,58836,41097,82315,46936,9763,12779,17276,28702,3654,490579,6949,5030,14325,83196,981744,7084,Short-term,302203,26755,FIFO,197,212527,82782,48585,252995,1,0,1,1,1
10220,Retail,Sole Proprietorship,Software Sales,Owning,Conservative,3,18109,9358415,4746671,4358420,-0.061267660137522995,573280,3240545,34634,10636,8435,16332,486926,27750,7727,9795,24962,1892,528,265540,54396,25243,35892,-42824,513575,25962,Long-term,6532,48353,LIFO,25,3726152,62700,220886,407755,1,0,1,1,1
10221,Tech,S-Corp,E-commerce,Leasing,Aggressive,9,7023,7110131,2484003,695496,-0.05919197894718414,1281179,241414,2060,82129,68084,15621,29086,8593,7764,19436,25825,29754,3324,264547,36912,34289,1753,41310,888836,27544,Line of Credit,107666,1016,FIFO,395,999929,9109,307408,467199,0,0,0,1,1
10222,Manufacturing,S-Corp,E-commerce,Owning,Conservative,8,19537,4496720,307354,2775090,0.28168016022301895,593091,4461116,11269,7892,71601,12334,410538,17358,4541,5692,10720,3424,1980,438577,61947,20739,95067,99748,179259,5785,Long-term,186877,9308,FIFO,202,2173691,24758,431542,422073,1,0,1,1,1
10223,Healthcare,C-Corp,Software Sales,Leasing,Balanced,1,31661,4170028,3256943,3245228,-0.194857752032154,1440695,2073729,25065,26672,89416,19174,125604,16607,3541,4218,5873,42218,2939,282459,49387,35168,17996,-4823,257145,7870,Short-term,86551,30654,FIFO,273,232736,109592,351960,376042,1,0,1,1,1
10224,Tech,LLC,Consulting,Leasing,Balanced,27,43659,8051036,1967160,2203349,0.15802498662107223,1787413,2412110,4895,10812,4407,34653,362958,37381,818,4803,4503,13418,1329,320112,68965,45698,68811,60623,320625,18403,Long-term,173828,40244,FIFO,36,438158,14317,457477,374351,1,0,1,1,1
10225,Tech,LLC,Subscription,Leasing,Conservative,6,38848,6969989,3365258,533992,0.15312308127763108,164282,1653083,17323,5654,99943,41502,119324,24811,4521,18761,11720,29886,1233,167591,21508,37491,74283,-49003,693835,32999,Long-term,76880,6942,LIFO,474,1136939,183495,39022,408580,1,0,1,1,1
10226,Retail,C-Corp,Consulting,Owning,Aggressive,9,42804,1469277,4421545,116240,0.11134477047489871,496545,2025726,14352,59633,33940,37674,476785,28074,1124,11672,13964,34783,1753,281251,50592,31013,45211,70179,54552,32868,Long-term,111734,3693,Weighted Average,223,498739,26622,413883,207057,1,0,1,1,1
10227,Retail,Sole Proprietorship,Consulting,Owning,Aggressive,7,20379,5622567,2285883,4469899,0.2950544230434329,1094846,3412862,46643,22143,6666,38260,216682,20595,5660,3182,897,23057,2800,65781,6919,7579,62820,70403,209041,23495,Long-term,381141,16562,Weighted Average,352,262723,7800,23065,462385,1,0,1,1,1
10228,Manufacturing,LLC,Consulting,Owning,Aggressive,4,32766,6822090,2600982,3931151,-0.044060282118137395,1523800,1420808,40591,60934,38122,43498,391065,44194,5641,11009,17094,4833,2933,276013,47595,19242,824,92303,217606,40124,Line of Credit,210714,7259,Weighted Average,277,2048366,36539,381526,96366,1,0,1,1,1
10229,Healthcare,S-Corp,Software Sales,Leasing,Aggressive,13,48590,849971,814265,1367042,-0.030014068103375924,1991277,4191430,32890,72334,26092,3073,3435,49377,1129,14328,3695,9894,2759,353127,14617,5781,13880,45287,764965,35700,Short-term,432422,49347,Weighted Average,18,4825029,134672,133145,162150,0,0,1,1,1
10230,Retail,LLC,E-commerce,Owning,Balanced,17,7563,8322502,358617,1988061,-0.16053029852672224,1837793,31650,34016,34087,76645,7269,363649,26853,1702,19544,2686,48710,2775,430586,80268,21448,66617,69574,796157,23341,Line of Credit,319312,43236,FIFO,188,4871307,86163,354335,440790,1,0,0,1,1
10231,Tech,S-Corp,Consulting,Leasing,Balanced,28,41060,7849972,3030346,4425224,0.021399068271868715,551740,1414962,13962,16618,27505,18194,315475,8183,2001,2586,23572,41833,3487,465911,38298,46641,11517,71509,410074,5366,Long-term,118123,5942,Weighted Average,402,1970908,161441,408222,273013,1,0,1,1,1
10232,Healthcare,Sole Proprietorship,Software Sales,Leasing,Balanced,2,34197,4560276,794748,938332,-0.06947573688257597,1372206,3033846,35302,13446,37713,27811,160014,20661,6912,2648,5778,565,3850,463638,11929,22446,21683,35447,739846,14066,Long-term,211260,48419,Weighted Average,257,830161,17689,338963,334768,1,0,1,1,1
10233,Healthcare,C-Corp,Consulting,Owning,Balanced,28,8586,7556688,3686562,919854,-0.0283066489111779,1083435,1883204,21846,92182,55387,7841,190707,41169,3878,7313,24152,40180,2527,17971,19456,12043,16876,59522,84474,38322,Short-term,422766,37556,LIFO,142,3788995,82459,374302,181147,1,0,1,1,1
10234,Tech,LLC,Consulting,Leasing,Balanced,5,21087,4175837,2104410,4065942,0.21728589512781382,964740,2923293,6011,53867,44169,44723,422275,36495,7232,18101,15150,18402,4997,368949,91676,20853,56354,31144,297312,42376,Short-term,404605,1371,LIFO,136,4485905,39469,443292,103676,1,0,1,1,1
10235,Retail,C-Corp,Software Sales,Owning,Aggressive,12,28225,9830665,2527748,2574957,0.26774225676374785,969403,2349189,21782,56028,74282,35800,188629,13703,9998,12544,21397,42845,890,264927,88721,21079,73802,42693,566387,29052,Line of Credit,92897,28383,LIFO,450,210701,133030,204933,13659,1,0,1,1,1
10236,Tech,LLC,E-commerce,Owning,Aggressive,27,34750,2333706,784275,203187,-0.1071334639974072,1624947,216251,4155,65101,78511,10699,375601,30815,6331,7407,20896,10315,2065,297795,42924,18101,76719,44315,212252,35049,Line of Credit,171919,24404,FIFO,307,1494542,61012,232391,439586,1,0,0,1,1
10237,Healthcare,S-Corp,E-commerce,Owning,Aggressive,21,11643,6194645,1347819,1602518,-0.013745534223267075,1922716,3854328,41725,32200,52742,46505,314533,29565,6035,17254,16799,12834,1188,329118,29240,1642,86602,-22613,774742,25414,Short-term,109599,8120,FIFO,79,3535994,61021,448609,379032,1,0,1,1,1
10238,Finance,C-Corp,Subscription,Owning,Aggressive,8,32523,8974365,1084186,1722678,0.264315281057697,1180038,4080101,11196,93074,41522,11762,315158,22942,6523,15234,9663,2314,4297,33446,92381,29016,78413,-45910,333599,44330,Line of Credit,346383,6702,FIFO,444,2219172,182854,270287,68185,1,0,1,1,1
10239,Finance,LLC,Software Sales,Owning,Balanced,6,41727,2154376,648506,207527,-0.1690957696553887,1216311,4523207,45459,66465,82132,40897,426042,42986,8111,19958,4180,37180,740,267419,14228,19932,9982,70846,588528,45042,Long-term,285786,9347,LIFO,418,2351770,191387,237413,127136,1,0,1,1,1
10240,Manufacturing,S-Corp,Subscription,Leasing,Balanced,8,16005,1285111,606718,2784804,-0.15381973594431075,1948084,1426693,23709,91436,4880,42556,292441,33161,8736,15012,4262,3883,1369,179180,26686,45653,74504,-9761,346940,22833,Long-term,374006,36429,Weighted Average,292,3858878,25642,324649,483137,1,0,1,1,1
10241,Tech,C-Corp,Subscription,Leasing,Balanced,18,48543,5061828,1646853,1627819,-0.11860450539688533,269737,904801,15327,92892,44454,3147,43890,48760,2401,9735,27007,44152,1389,478395,16920,25945,26598,-46257,851024,16458,Short-term,253751,40419,LIFO,62,1943413,80003,410633,184823,0,0,1,1,1
10242,Tech,C-Corp,Subscription,Leasing,Conservative,3,5161,7832752,402414,1560373,0.09760641706343737,1349773,1734854,37474,93559,56711,34383,283466,41803,9481,13425,2515,10051,2000,13823,12432,8549,14639,-19076,795034,21454,Line of Credit,41509,26040,FIFO,129,922562,124714,167372,334902,1,0,1,1,1
10243,Manufacturing,LLC,E-commerce,Owning,Aggressive,22,21029,2492919,3013944,634557,-0.12476386449700128,162157,392811,34769,44148,44539,34715,35739,9716,8974,15698,25671,40984,1471,154526,68575,14397,70210,91268,394325,10138,Long-term,346561,38646,LIFO,499,4379797,1205,490278,225945,0,0,0,1,1
10244,Manufacturing,LLC,Software Sales,Owning,Aggressive,12,19226,1600948,2397693,1030121,0.28403819072536673,1420465,4705995,43993,87928,69321,39445,402935,41563,539,15321,25385,11695,1536,145004,76725,26362,69852,80160,262051,34647,Short-term,316381,46859,Weighted Average,341,1923046,93945,296040,146203,1,0,1,1,1
10245,Manufacturing,LLC,Subscription,Owning,Balanced,29,33731,6427090,2813545,3489330,0.02335726362926016,210167,1018314,26700,25698,88985,41634,79553,33349,5615,12646,11236,23123,318,413436,98575,48842,9695,41815,974962,10175,Line of Credit,151486,38083,FIFO,298,2890469,13442,252541,142430,1,0,1,1,1
10246,Healthcare,S-Corp,Software Sales,Leasing,Aggressive,26,48922,4207834,3566144,1765049,0.05075898017508318,613805,4418608,16820,47470,15799,3013,8314,47098,2956,19624,22024,7902,2264,215162,38910,47539,48582,55312,111611,24554,Long-term,330320,23542,Weighted Average,257,4427577,92826,239051,101150,0,0,1,1,1
10247,Tech,LLC,Software Sales,Owning,Aggressive,3,49848,2508630,3998401,3285705,-0.07667069209729677,1745089,2503330,12891,97071,61102,21081,93831,42899,8077,4893,14104,45955,1894,77965,35226,34717,31094,18860,592334,43534,Line of Credit,133633,43733,Weighted Average,480,3752341,137763,317773,460587,1,0,1,1,1
10248,Healthcare,C-Corp,E-commerce,Leasing,Balanced,22,8390,5937196,174932,523442,0.035480126217366736,1204895,1727787,36629,56660,51726,17874,337308,132,3722,9476,6616,17573,3711,431424,78150,24016,60635,30399,784756,32161,Line of Credit,347009,9308,FIFO,212,4502048,39909,425822,223379,1,0,1,1,1
10249,Manufacturing,C-Corp,Subscription,Leasing,Conservative,6,10997,8195213,318083,4149545,0.13095681631850575,948057,4406208,7269,58910,49784,38755,369802,47752,5087,17270,17376,29374,4819,476196,64099,15732,22187,-1205,26488,17684,Line of Credit,122181,40242,Weighted Average,54,2327846,20504,44916,482355,1,0,1,1,1
10250,Tech,LLC,Subscription,Owning,Conservative,2,17693,2802994,1801498,1460827,0.17558856847702137,1482603,721716,45880,40450,44333,9733,339172,3385,6460,18642,25857,12288,2822,282654,91760,27911,1214,1553,199913,48463,Short-term,67059,35142,LIFO,175,2379203,196342,66330,419462,1,0,1,1,1
10251,Healthcare,LLC,Software Sales,Owning,Conservative,23,47092,6019626,3927809,1996874,0.1769340413549565,1295029,2777257,10320,61463,41828,10479,298257,36538,2170,4382,4370,46978,4508,447261,23013,18866,23940,53976,390665,26322,Long-term,316294,45163,Weighted Average,100,3595115,96698,274695,289360,1,0,1,1,1
10252,Healthcare,Sole Proprietorship,Consulting,Leasing,Balanced,12,5541,5657805,4926709,3971814,0.08894555634704415,943639,2845623,12740,38757,70526,10825,117174,35036,3391,1785,18157,6884,1275,151609,26446,43607,44406,63566,927899,11429,Short-term,355511,31690,Weighted Average,39,3489398,190123,368116,313353,1,0,1,1,1
10253,Manufacturing,C-Corp,E-commerce,Owning,Aggressive,2,26817,5002444,1608426,1791797,0.2521798874969286,156645,1709660,37897,83012,55362,22304,146429,33743,6942,13030,19945,10559,3083,475899,75375,28621,91221,69968,718029,5767,Long-term,46091,8393,Weighted Average,414,1843384,170870,386767,315131,1,0,1,1,1
10254,Tech,S-Corp,E-commerce,Leasing,Balanced,6,42861,292512,3280431,137406,0.20870392365305468,1580611,355430,32930,75247,54997,36694,229937,40373,1616,11735,3816,18125,400,115935,67509,13823,43481,11600,676205,36525,Long-term,209196,5403,LIFO,263,2278618,181402,192494,118024,1,0,0,1,1
10255,Manufacturing,Sole Proprietorship,E-commerce,Owning,Balanced,17,18428,3814379,2642316,3492814,0.1785240573493127,1062092,838411,19285,77015,51341,41050,20365,7213,9108,16679,23017,3688,723,341278,5557,30986,15977,22,701419,12569,Short-term,5903,4546,Weighted Average,150,3311196,88087,380360,423793,0,0,1,1,1
10256,Tech,LLC,E-commerce,Owning,Aggressive,3,48934,5945447,339220,3812827,-0.1721972391597697,1672131,1867845,16380,36390,20073,16635,301173,44223,6458,10245,1756,23869,2329,243705,35666,15690,44839,84271,28394,1481,Short-term,246024,37745,Weighted Average,121,1020209,42716,334926,52320,1,0,1,1,1
10257,Finance,LLC,Subscription,Leasing,Conservative,2,15258,1649420,4026765,1061436,-0.19656101889017535,1206837,2515365,13360,61116,15549,49615,263881,26119,2756,2597,2373,46882,1135,344398,42389,40107,57874,897,890425,43936,Long-term,321379,29893,LIFO,178,132168,179054,332535,283445,1,0,1,1,1
10258,Retail,C-Corp,Subscription,Owning,Conservative,23,21044,3445647,1445285,2931912,-0.09377636140226353,362221,1949983,7398,18161,84795,21760,393186,2835,6853,17064,2576,38137,2770,263978,52700,11956,58414,-11962,186978,18972,Long-term,194637,10388,FIFO,301,4848405,159516,372101,216123,1,0,1,1,1
10259,Retail,LLC,Consulting,Leasing,Balanced,20,34411,8412934,4726029,1649184,0.13176179695672613,456862,857405,7529,37152,57920,10490,205704,2738,7709,324,25467,44706,4846,154854,29578,22303,25538,73323,69332,19836,Long-term,322486,42756,FIFO,330,2374112,156806,128546,233410,1,0,1,1,1
10260,Retail,S-Corp,E-commerce,Owning,Conservative,8,10469,4000379,2972705,4224238,0.005598744441272896,358767,2301947,31062,85171,86326,22252,85474,42317,1936,15160,4184,4023,267,386924,79779,37533,56241,70278,178377,26087,Line of Credit,178795,37660,FIFO,120,4872858,173817,392150,136560,1,0,1,1,1
10261,Manufacturing,C-Corp,E-commerce,Leasing,Balanced,22,33854,3904409,2714749,2368476,0.0012031296496558541,1199580,243462,38686,25836,76515,40754,340362,4134,3091,12614,25283,48750,569,397688,14596,30674,73501,61054,52628,12156,Long-term,40572,24708,Weighted Average,72,3432661,35571,68411,273035,1,0,0,1,1
10262,Finance,LLC,Software Sales,Leasing,Balanced,12,11256,6822055,4049453,524273,0.24229344411480686,1573763,2996068,19451,95367,21316,7862,255678,25892,968,986,2397,17100,2556,337731,62500,36595,75133,-42103,817784,27826,Short-term,284754,25726,FIFO,219,2596063,147461,245509,425188,1,0,1,1,1
10263,Tech,C-Corp,Subscription,Owning,Aggressive,26,15720,9135949,1456978,2443233,0.24778142406591935,73687,1978921,8937,71543,27183,45927,158571,39601,7297,19502,12674,36735,1973,354382,77534,3058,60481,14541,489898,19010,Short-term,301196,15008,LIFO,394,1832878,94280,78185,322601,1,0,1,1,1
10264,Healthcare,LLC,E-commerce,Leasing,Aggressive,4,38937,1620982,2971989,2862236,0.25458763202679285,874744,3411447,41886,60648,94860,5423,241099,8353,3203,760,10326,7423,545,347864,15129,12519,27740,56968,879403,41331,Short-term,103993,37017,Weighted Average,398,2309358,46038,136960,123389,1,0,1,1,1
10265,Tech,LLC,Consulting,Owning,Aggressive,5,38598,6381646,1034156,728332,-0.04306096174248636,1176191,2660196,12860,31331,25624,11450,241474,15690,6499,11885,10546,39218,2822,88004,68394,32115,63328,-35108,61993,19475,Long-term,354207,1111,Weighted Average,302,281041,73795,132574,457651,1,0,1,1,1
10266,Healthcare,LLC,Consulting,Owning,Balanced,13,6651,4098422,3763543,766448,0.14552790636963087,413120,3798264,27142,15763,63515,41927,128692,1909,5173,9228,22353,12213,4460,32072,71046,1730,72105,89343,180458,10165,Long-term,435766,18545,Weighted Average,123,3321777,46168,193207,293076,1,0,1,1,1
10267,Tech,S-Corp,Subscription,Owning,Aggressive,29,24194,6526288,913659,110463,-0.06418340936281519,571852,3710357,27279,74444,86781,35841,238502,25703,889,17290,29849,35983,4642,91015,16596,2832,50643,-25185,899459,27597,Line of Credit,452249,41168,FIFO,244,4316271,68690,34424,276336,1,0,1,1,1
10268,Finance,S-Corp,Consulting,Leasing,Conservative,15,30051,9690446,4993082,1173183,-0.10469508346277512,1883843,420226,40106,98109,47705,23554,177229,14496,8984,5499,4535,33158,270,235075,70355,42368,11881,-4388,984128,26241,Line of Credit,427227,3379,FIFO,374,413345,115053,46559,288272,1,0,0,1,1
10269,Healthcare,C-Corp,Consulting,Leasing,Conservative,25,32386,2264563,2287035,2906457,-0.1076837713263154,999091,1774694,47240,24187,90326,32826,449463,12062,9173,364,23267,28460,738,230010,17974,23889,36996,-33733,460281,6937,Short-term,432980,31237,FIFO,75,1390403,12230,253290,32836,1,0,1,1,1
10270,Manufacturing,LLC,Subscription,Owning,Balanced,23,14518,5281377,1253920,2470992,-0.028946189568202996,551985,1817254,37908,16957,27756,43879,390555,9850,7382,19797,24511,31017,1257,82746,71673,49386,32177,-31732,916644,25685,Line of Credit,102540,46948,Weighted Average,6,3473203,84301,278219,296981,1,0,0,1,1
10271,Tech,LLC,E-commerce,Owning,Balanced,16,21184,5381091,3158591,4354380,0.014978809889910849,624453,4861039,42764,9379,61390,7825,172106,27701,3531,8027,14599,33000,58,186774,98433,40938,37177,64463,488720,10875,Line of Credit,58533,22810,LIFO,21,2365871,137974,420915,127028,1,0,1,1,1
10272,Tech,S-Corp,E-commerce,Leasing,Aggressive,10,38787,4508285,3660954,1200294,0.21547458552753418,1797858,1682349,16201,32959,69369,44420,294,34731,801,13532,9168,26502,4181,374404,75202,5179,66126,95335,516357,27607,Short-term,160136,42120,Weighted Average,190,2558871,67758,184044,388625,0,0,1,1,1
10273,Healthcare,LLC,Consulting,Owning,Balanced,25,26621,8112369,797852,2384688,-0.14005445326364396,954550,141562,42544,87018,71821,13454,491288,5153,8234,14408,17118,30990,4858,409273,79442,7299,56531,45347,18539,30984,Long-term,391133,18809,LIFO,225,178621,28050,277094,397320,1,0,0,1,1
10274,Manufacturing,S-Corp,Consulting,Owning,Balanced,23,15028,4304955,1206618,76413,0.16746292369744709,602111,1062305,39711,32105,10589,25251,286740,10481,3349,16105,27044,19515,389,138259,26818,8830,26119,44542,142335,36129,Line of Credit,263897,9469,Weighted Average,403,3702358,100805,141485,135172,1,0,1,1,1
10275,Manufacturing,LLC,E-commerce,Leasing,Conservative,16,17448,5159667,3961147,2988632,0.06572745709465266,553903,4462664,47654,5877,15116,21648,98185,33734,8005,7939,27116,29991,718,40916,48246,45207,27915,16612,416521,46110,Long-term,185653,28967,LIFO,103,3988577,70110,44305,294922,1,0,1,1,1
10276,Finance,C-Corp,Subscription,Owning,Conservative,12,39051,8190736,1157810,604430,-0.05602732866200377,526554,3177126,10997,53353,74181,41736,273578,889,9969,13936,632,7634,4244,37268,60598,38570,2708,88307,850249,26335,Short-term,125388,10748,Weighted Average,344,727609,103033,270713,53130,1,0,1,1,1
10277,Manufacturing,LLC,Consulting,Leasing,Aggressive,17,35447,3085696,862283,3708508,0.046409792266412286,1991140,2403946,42566,88788,45786,25530,58382,19445,3201,9261,13280,11498,4678,185050,7654,23441,38749,38757,951902,30243,Short-term,295846,24424,Weighted Average,466,2622807,77693,71778,288852,1,0,1,1,1
10278,Manufacturing,LLC,Software Sales,Owning,Balanced,16,23394,8243179,2964863,3064015,-0.05002896511148869,936931,4832481,22175,89585,95686,13516,300242,6461,349,15863,14746,10916,120,253966,38758,7615,44989,97489,250310,31417,Line of Credit,483917,21976,LIFO,99,250099,123428,369777,379625,1,0,1,1,1
10279,Manufacturing,Sole Proprietorship,Subscription,Leasing,Balanced,12,39501,8926233,1871367,955480,0.09804097761915298,620724,3421031,42860,88308,77425,48058,4655,38934,9759,12561,4268,29377,2652,33259,29204,7762,22106,48075,216873,39495,Short-term,128482,24914,LIFO,318,2114269,20575,297229,165304,0,0,1,1,1
10280,Retail,S-Corp,Consulting,Owning,Conservative,8,35254,3401106,3422863,3681141,0.01692196142762209,1784455,370306,5225,56567,31286,41544,83029,28205,9321,10447,20483,33001,2303,456799,39928,39311,17131,-15391,321251,11924,Short-term,275775,31067,LIFO,363,938241,191012,474239,198338,1,0,0,1,1
10281,Finance,LLC,Consulting,Owning,Balanced,20,23509,1472070,2949033,3421915,-0.11779723546056065,1451282,2734274,46578,62913,16994,9558,308372,23351,9972,14172,19285,1391,4861,89400,58609,25709,46553,52785,959656,10143,Short-term,259936,43875,LIFO,485,2642739,41244,482061,442628,1,0,1,1,1
10282,Tech,LLC,Software Sales,Leasing,Conservative,3,19472,2693726,4582669,82056,-0.14170846272215165,877549,1604502,49682,7637,91198,9719,3771,16006,583,11878,18047,43852,2911,306437,35552,38651,58144,-26355,496476,10810,Line of Credit,92388,13942,LIFO,83,1317816,15962,363451,14782,0,0,1,1,1
10283,Healthcare,Sole Proprietorship,Software Sales,Owning,Aggressive,16,8471,6821308,1628315,2188983,0.07334784103606506,579070,3943233,37228,77778,27639,5886,336243,44149,3377,12411,15321,42215,799,121581,15336,24434,6553,12233,958128,19451,Line of Credit,129798,20491,LIFO,181,4662356,101695,359318,464412,1,0,1,1,1
10284,Tech,Sole Proprietorship,E-commerce,Leasing,Conservative,13,46796,8341353,1399590,2982775,0.2512065166430517,1147109,1498303,43505,47025,18205,29185,120811,49112,6028,19465,10207,14184,3380,17043,52037,22343,17881,61443,925672,27068,Line of Credit,75043,5533,LIFO,152,4387757,91388,41163,167387,1,0,1,1,1
10285,Finance,S-Corp,Subscription,Owning,Balanced,23,35268,5770706,3554438,813952,-0.028021156721157237,260011,528490,48688,87464,57677,38387,450015,10940,7694,5448,5591,27114,2106,191502,21206,16739,1379,-42229,371799,15733,Short-term,464279,24583,LIFO,56,396430,78332,54592,282196,1,0,1,1,1
10286,Healthcare,Sole Proprietorship,Subscription,Leasing,Aggressive,28,13329,4550252,4630197,948380,0.1665000536113116,1257903,2083946,25110,33742,33930,22575,324401,11258,6196,19642,27757,11882,1109,117009,39831,1666,90791,52601,590420,13700,Long-term,165053,38049,Weighted Average,190,1022475,156522,223223,291665,1,0,1,1,1
10287,Finance,C-Corp,E-commerce,Leasing,Conservative,19,39865,9349677,3095529,1377768,0.12933067746988347,1573744,2570244,12754,16831,74313,47724,279702,24485,7083,2107,16226,47606,1250,311037,48563,34044,69306,83014,922133,22048,Short-term,302908,28821,LIFO,418,338442,185566,193405,210506,1,0,1,1,1
10288,Manufacturing,Sole Proprietorship,Subscription,Leasing,Conservative,8,33272,9345234,2275541,3130930,0.2657774571547405,92684,4239228,28655,90092,94851,44113,492684,23763,3401,7928,29732,17273,2640,443858,23361,28883,19726,75224,115494,11032,Line of Credit,237843,31261,LIFO,22,2010589,128386,384575,223827,1,0,1,1,1
10289,Healthcare,C-Corp,Subscription,Leasing,Aggressive,22,47845,8594630,2861139,1900971,0.21049050864957042,1518710,1271368,45601,95879,93509,40643,320580,40048,3185,15234,28639,40670,1649,219137,46335,15063,9088,33251,849411,23965,Long-term,264859,38536,Weighted Average,68,3947526,46037,13039,341834,1,0,1,1,1
10290,Manufacturing,S-Corp,Subscription,Owning,Aggressive,5,11397,5755635,1519793,1554101,0.08330262945273148,1850029,1913124,5114,93370,19316,11100,107779,1067,5285,19317,27206,45647,1345,171940,79469,34649,34314,7042,854445,21791,Long-term,448729,30945,Weighted Average,185,2633182,113666,144270,45546,1,0,1,1,1
10291,Tech,S-Corp,Subscription,Owning,Conservative,20,37373,5075045,4540512,2370344,0.12851524911705364,1808220,2802537,28502,51762,28304,8856,124891,20607,9354,16310,20256,17129,2956,298453,30816,35828,55041,3740,235997,42948,Line of Credit,134014,18384,FIFO,10,1440545,128048,170426,220417,1,0,0,1,1
10292,Tech,S-Corp,Subscription,Leasing,Balanced,8,40525,570529,4994490,1446150,0.24919323329201742,1934566,3157887,22028,93741,97058,39169,254797,43883,6772,19213,1054,42679,2446,295428,20619,48445,16350,-2976,598085,31080,Long-term,118076,29410,FIFO,66,3281365,84040,251585,167044,1,0,1,1,1
10293,Healthcare,S-Corp,Software Sales,Leasing,Conservative,24,29570,261445,2947706,565005,-0.00024060770653261399,1285197,4674496,19587,23830,88876,29804,485319,9018,8490,13528,8572,427,4994,398945,97479,40470,99599,6965,61798,26649,Long-term,104007,13198,LIFO,264,281046,112264,270968,114713,1,0,1,1,1
10294,Healthcare,S-Corp,Subscription,Leasing,Aggressive,12,23284,3934242,3251473,3459548,-0.03660264707111133,1303871,1597542,44719,60044,86366,36790,254472,48521,3347,13313,13579,31416,3364,123259,31819,10429,81397,-39943,682010,21846,Line of Credit,202270,30354,LIFO,225,1004413,162113,317564,265628,1,0,1,1,1
10295,Finance,C-Corp,Software Sales,Owning,Conservative,1,23994,6594503,1148657,1269458,-0.19459445818240184,1936430,3872163,37333,78948,14403,31988,32376,46946,788,1559,19466,731,484,110804,16741,49621,79509,-41017,429230,11119,Long-term,292084,8169,FIFO,123,2225349,11715,356679,481275,0,0,1,1,1
10296,Finance,C-Corp,Subscription,Owning,Aggressive,25,28284,784029,976215,1207272,0.2132755370957321,795723,4866436,5174,74202,81052,45443,480674,15187,4945,18125,10583,799,802,79000,13798,33926,17769,80469,610709,40418,Long-term,374562,41129,FIFO,38,1199436,153875,8436,467601,1,0,1,1,1
10297,Manufacturing,S-Corp,E-commerce,Owning,Aggressive,21,22833,5437355,3083449,3490087,0.20049035020168243,1850288,1650027,37398,42045,85627,11912,77924,37375,2889,15167,8007,28873,1715,94179,30143,49764,47249,-30005,279578,2266,Line of Credit,76792,32909,LIFO,491,80285,62726,98550,112617,1,0,1,1,1
10298,Healthcare,Sole Proprietorship,Consulting,Owning,Balanced,20,30122,8998978,1499991,1533551,-0.14777274094992432,967509,2836267,37929,91322,74495,39506,29332,3985,9569,15343,15903,7025,1915,465323,54695,38997,82862,64587,826460,4049,Long-term,426648,4830,FIFO,123,2922450,133980,176929,32030,0,0,1,1,1
10299,Tech,LLC,Software Sales,Leasing,Aggressive,6,10017,7081440,2561910,4013313,0.08842869056635011,1861646,164536,6321,76051,32932,48894,393145,43052,5273,5830,9784,14481,3483,337193,37747,41724,46365,-11114,600846,19193,Long-term,13367,22404,LIFO,318,3828681,119208,21057,443592,1,0,0,1,1
10300,Finance,S-Corp,Subscription,Leasing,Aggressive,22,21370,4099694,474528,2476831,0.031990849083443684,1892427,4779729,32435,31627,97090,23368,46737,19563,3272,7523,4261,25411,1757,301409,26182,33269,50185,39025,820763,32422,Long-term,378908,28757,Weighted Average,156,4485943,169147,6310,226713,0,0,1,1,1
10301,Finance,Sole Proprietorship,E-commerce,Leasing,Balanced,18,34252,3408505,2585610,4205255,-0.14064545224544428,1626241,4627752,47972,20198,37701,2770,393056,47322,9069,17009,27323,31358,1809,484706,14415,32704,2786,45149,77573,42902,Long-term,239673,36650,Weighted Average,394,4460434,196659,131913,99831,1,0,1,1,1
10302,Tech,LLC,Consulting,Owning,Aggressive,8,12999,8301428,2765223,1746517,0.29028411353036176,1699108,2955081,9099,74521,4385,13305,89031,37306,5234,18074,2389,40392,3007,270226,16085,29391,1620,44020,663761,35244,Line of Credit,423727,34766,FIFO,301,3897796,54648,473571,87400,1,0,1,1,1
10303,Finance,S-Corp,Software Sales,Owning,Balanced,7,27436,308944,662181,3237445,-0.09265205626832229,1767052,2608385,25760,34475,58241,10969,467186,18608,9769,15524,19937,14961,3225,33880,20008,25187,36303,-47327,477508,48828,Short-term,275717,16942,Weighted Average,321,534938,22134,249841,481628,1,0,1,1,1
10304,Manufacturing,S-Corp,Consulting,Owning,Balanced,1,47963,5286686,3695525,3188491,-0.16638290995471944,974138,634773,13360,24403,11367,13404,183024,39139,6902,13285,21522,21767,3495,356723,92638,46334,19589,27513,187398,12665,Short-term,20582,33419,Weighted Average,482,3090132,57143,259988,290199,1,0,1,1,1
10305,Healthcare,C-Corp,E-commerce,Leasing,Aggressive,21,7096,7676472,1700824,395054,0.09742368975095478,757651,2027528,12313,8681,66030,9989,283135,1726,7612,10973,13939,41000,2320,403471,23452,3526,2882,-26534,355123,24064,Long-term,141450,17668,Weighted Average,67,4473054,70123,477209,228580,1,0,1,1,1
10306,Tech,LLC,Software Sales,Leasing,Aggressive,16,30279,1461303,189227,3241208,0.16943333856651632,1616246,1688332,48270,96555,47505,36983,27472,26582,2492,3006,11219,36135,1670,404718,69075,25686,62248,42545,800555,35758,Line of Credit,332440,17246,Weighted Average,393,2409642,177225,71013,428709,0,0,1,1,1
10307,Healthcare,LLC,Consulting,Owning,Conservative,12,48363,4301765,1823055,3879847,-0.18377827697640653,1839239,1012021,22462,98122,34332,45748,59946,5791,6745,4302,9399,21392,4615,211264,13120,8803,49322,406,288747,25801,Line of Credit,149572,25996,LIFO,133,4322925,134485,327166,84861,1,0,1,1,1
10308,Finance,Sole Proprietorship,Subscription,Leasing,Balanced,6,31201,8064443,742137,1206670,0.12935881936351107,731423,2195132,7801,47292,86178,40462,498782,8458,9574,17472,28429,13262,1151,337568,69385,33668,24524,84760,338085,45263,Long-term,332985,4065,LIFO,362,4695919,154627,144978,393328,1,0,1,1,1
10309,Finance,C-Corp,Software Sales,Owning,Conservative,20,24715,2994100,331854,720667,0.06614593797572721,173466,1428314,16130,10629,77325,20360,420065,17221,4240,4611,544,5229,4747,479054,78356,7574,9745,19284,52597,21265,Short-term,26881,11467,FIFO,394,138833,143024,145940,388668,1,0,1,1,1
10310,Tech,C-Corp,Consulting,Owning,Aggressive,2,34309,4766805,4924196,2888883,-0.1483674955624758,1922797,3632541,16271,98246,36268,21121,263685,48506,2322,9372,27657,23772,2223,343110,23170,9733,15861,64579,728598,45287,Long-term,337377,45844,Weighted Average,140,2128086,122657,23546,388970,1,0,1,1,1
10311,Manufacturing,C-Corp,E-commerce,Leasing,Conservative,29,20078,1297162,710327,2054017,-0.11373806152681898,254318,4993617,18075,82814,87486,27287,129237,20968,5298,14080,20047,18799,2667,182438,21259,8257,91707,-36335,880670,7925,Line of Credit,187614,22007,Weighted Average,82,2410019,67686,103812,308919,1,0,1,1,1
10312,Retail,C-Corp,E-commerce,Owning,Balanced,14,10105,1146161,1707153,4062261,0.08398714865804024,392778,302007,38919,13417,26563,44429,2765,17070,1861,15082,2239,46515,210,430641,27099,37051,91735,-29359,445935,13357,Line of Credit,70285,3543,Weighted Average,58,1794702,113841,77855,454273,0,0,0,1,1
10313,Tech,LLC,Software Sales,Leasing,Conservative,4,34312,6774851,4395398,2039482,-0.05182119324335582,151936,2505990,43679,39765,37404,35160,305218,27937,6620,14641,10559,23555,2494,455544,14649,16909,54261,-14203,757146,27963,Short-term,64547,29702,FIFO,149,4696195,33264,38149,358053,1,0,1,1,1
10314,Retail,LLC,Consulting,Owning,Balanced,1,7839,4788482,1535255,3689244,0.269157864325658,1954580,4074610,20984,79499,56182,7789,364939,49508,4047,10093,20157,26616,4681,255352,64258,25146,2837,-4050,313895,22944,Line of Credit,198223,29833,LIFO,405,2358782,179625,380735,308397,1,0,1,1,1
10315,Retail,S-Corp,Software Sales,Leasing,Aggressive,23,8384,8448022,4206004,3953397,0.20937011474202538,977726,1534960,24559,61574,33991,28181,160355,41831,7581,8378,2627,19333,4262,77396,46037,12802,74135,79554,922894,41957,Line of Credit,143294,11033,Weighted Average,449,1629387,186431,203453,227789,1,0,1,1,1
10316,Manufacturing,S-Corp,Software Sales,Leasing,Aggressive,18,48619,7083604,1856684,3128589,0.2917836032568315,1999746,2938785,14861,95545,48663,15385,101387,42933,7320,1597,6618,4261,2507,343838,16805,8896,81447,52339,96978,37244,Line of Credit,12933,35169,LIFO,131,4053310,110885,159756,266072,1,0,1,1,1
10317,Retail,C-Corp,Consulting,Leasing,Balanced,13,47821,1997501,1859858,4279399,-0.07016458052479302,667952,1379971,35434,32675,66886,18061,251116,47307,1098,11600,12123,3466,2963,409022,48147,29133,54380,63431,289837,14705,Short-term,350529,17829,FIFO,69,403094,141880,297002,61884,1,0,1,1,1
10318,Retail,C-Corp,Consulting,Owning,Aggressive,2,18493,4854619,529083,1561722,0.2848618163989885,696315,4801164,18667,77267,84848,1105,493377,48340,5247,3747,6780,46553,3428,489490,79280,14526,86089,90710,492757,1204,Line of Credit,487988,5522,LIFO,345,186804,53330,50330,86497,1,0,1,1,1
10319,Manufacturing,C-Corp,Subscription,Owning,Aggressive,9,22069,6565377,1444316,1902205,0.015616934895778922,392818,1622119,7840,45563,25127,45247,393985,37415,1734,13879,27050,3088,3375,289250,51053,12278,49831,-28827,178769,5952,Long-term,245839,21151,Weighted Average,250,3731662,115672,260052,289849,1,0,1,1,1
10320,Retail,S-Corp,Consulting,Leasing,Aggressive,21,12531,6229439,1951740,1505915,-0.0262406023431227,1172109,397773,5565,16332,58692,22137,148878,42770,4663,19054,8015,45783,3955,66731,96393,47010,89349,94294,366668,46117,Short-term,103706,36319,LIFO,320,3407752,39345,195276,185748,1,0,0,1,1
10321,Retail,Sole Proprietorship,E-commerce,Leasing,Aggressive,2,42051,9161826,4312627,390067,-0.1748252365153234,888277,4226803,45194,24177,95389,35714,483734,20802,5909,13017,3130,1115,3705,85010,81215,26551,38255,-31905,370013,39362,Long-term,476653,27543,LIFO,177,2087139,40222,359347,242730,1,0,1,1,1
10322,Retail,Sole Proprietorship,Software Sales,Owning,Balanced,27,12736,3985250,4634946,1746826,-0.1736173710701987,1316573,636840,22977,94254,38500,6544,265116,43601,3416,18964,28083,4578,3405,485749,15985,26298,29520,73554,695352,4181,Long-term,405156,38584,FIFO,72,4004936,58755,292437,363784,1,0,1,1,1
10323,Tech,S-Corp,Software Sales,Owning,Conservative,25,12710,9091899,2345936,2099385,0.14600562797332733,1138166,4649148,23118,73447,34785,14275,149328,10420,6302,7432,16480,2590,4038,259091,98823,36338,29541,82511,335969,21022,Short-term,351734,31473,FIFO,17,4495564,9933,324013,220117,1,0,1,1,1
10324,Tech,S-Corp,E-commerce,Owning,Conservative,9,6619,5002059,4351400,1481246,0.02896449721701394,1458495,1644224,24641,62104,85146,40753,366047,6642,7593,18890,14831,7372,1052,304743,17391,23191,65772,75614,674882,18800,Long-term,373543,8699,FIFO,329,4155241,69207,357573,17101,1,0,1,1,1
10325,Tech,S-Corp,Consulting,Leasing,Aggressive,1,18975,6707912,4691094,2407322,-0.08673918698194716,348615,1456395,9366,89335,90126,35550,149725,19775,680,4725,20242,3573,713,81326,9861,34092,27350,86447,402619,10066,Short-term,326289,3629,FIFO,160,3278586,175811,140701,334639,1,0,1,1,1
10326,Manufacturing,S-Corp,E-commerce,Owning,Conservative,11,28252,5673694,2757184,1415645,0.10698515316261631,1572268,2593677,28636,85730,95979,20641,103579,28754,8163,10437,2708,2978,2888,258876,68582,24871,44397,39023,841838,8001,Long-term,179682,41455,LIFO,70,3909359,179810,10704,407959,1,0,1,1,1
10327,Finance,S-Corp,E-commerce,Owning,Conservative,3,20261,5328566,2962066,3778858,-0.07357094087494442,501530,4069626,17630,9951,48997,7213,479885,43310,2070,13269,5397,43407,687,347850,56928,10721,77085,57181,248078,2345,Short-term,324664,11156,LIFO,113,4290924,105691,137848,18951,1,0,1,1,1
10328,Retail,S-Corp,Subscription,Leasing,Aggressive,20,6431,819407,3820771,2310463,0.08881587717221129,1584371,881905,22056,33333,8170,15485,39339,4357,6668,13092,11528,9422,329,19004,39364,39413,63865,-29400,250140,39681,Line of Credit,9544,18441,FIFO,232,441972,106137,193327,148086,0,0,1,1,1
10329,Retail,C-Corp,E-commerce,Owning,Aggressive,23,14067,2638143,1590724,874440,-0.02039562650865484,1374018,153704,9382,26673,14303,16605,418973,21263,8001,7002,22536,43626,1746,125018,87399,31279,55956,-47534,677481,41258,Line of Credit,489070,31716,FIFO,21,102604,153955,53281,46180,1,0,0,1,1
10330,Manufacturing,C-Corp,Software Sales,Owning,Conservative,26,42481,437913,2015730,739895,0.2117761133059095,1524900,75756,18149,45870,72743,38637,365520,48367,9921,6131,16840,23697,1207,454580,98330,15404,27453,59934,657659,42896,Long-term,321956,7834,Weighted Average,135,1878558,99818,121972,329121,1,0,0,1,1
10331,Retail,C-Corp,E-commerce,Owning,Balanced,4,32037,428821,4612530,285144,0.21034808038338965,1313512,1377064,48041,76101,78852,21390,304543,13201,2191,13261,5914,30820,2142,35792,47923,5486,62345,3276,417435,13730,Line of Credit,207682,19179,Weighted Average,263,2841331,99510,118532,257117,1,0,1,1,1
10332,Tech,C-Corp,Software Sales,Leasing,Aggressive,18,14557,3987008,4370614,4064227,0.03867519906120065,1641788,3556293,2992,27821,36187,10867,306157,2739,8859,12612,4368,37743,784,498968,12919,36198,12906,-43072,798049,18254,Short-term,187572,27219,FIFO,111,2402508,100251,429452,200606,1,0,1,1,1
10333,Finance,S-Corp,Software Sales,Leasing,Balanced,23,14435,6825275,4133290,3862727,-0.024590445332492217,429925,4013314,8858,30494,66034,4981,490821,13231,9804,4537,11179,4925,2696,468128,60896,29687,14988,5309,53016,34904,Long-term,437834,38617,LIFO,487,2419414,175473,71780,73209,1,0,1,1,1
10334,Healthcare,Sole Proprietorship,Software Sales,Leasing,Conservative,6,42766,3715652,725673,1284360,-0.018720101720452742,1078302,4724386,4121,79160,72776,10493,407922,42278,7586,13091,20472,29430,3820,64645,90818,14156,27723,66196,453888,23064,Line of Credit,386234,16782,FIFO,246,1610404,147452,399549,259241,1,0,1,1,1
10335,Retail,LLC,Consulting,Leasing,Aggressive,3,5162,5293734,4112224,3089316,0.20285726283410893,211896,2406640,29160,5835,2893,6682,431447,42495,8872,2335,12076,28834,3718,17232,52396,1567,33800,-40596,296420,32862,Line of Credit,366198,16827,LIFO,283,2304533,19212,205277,182980,1,0,1,1,1
10336,Tech,S-Corp,Subscription,Leasing,Balanced,22,39742,8557411,1938529,2589565,-0.03591025860119401,1109118,3288262,47156,23646,14753,6782,27909,21168,9164,4321,25607,24435,2693,481426,39840,3179,39107,63187,765247,18727,Long-term,423660,10431,LIFO,8,3886491,29174,481336,380719,0,0,0,1,1
10337,Healthcare,LLC,Software Sales,Leasing,Aggressive,11,24675,7872580,1144316,1189734,-0.095470313146577,433461,1935464,22906,82360,39090,30799,498970,32624,2846,13254,24783,21676,625,64766,47255,3019,27430,60449,344384,25260,Line of Credit,222054,37918,Weighted Average,457,4023615,138933,449162,323062,1,0,1,1,1
10338,Finance,Sole Proprietorship,Software Sales,Leasing,Conservative,15,13461,907744,4350915,1886585,-0.1576558290623466,1103329,1926796,21572,42335,65922,42905,469847,10635,2463,19369,18321,43554,4234,130601,76160,16919,32535,-22316,902724,30223,Line of Credit,492295,45057,FIFO,284,3809149,138166,249955,411435,1,0,1,1,1
10339,Healthcare,C-Corp,Consulting,Owning,Balanced,22,22015,9237344,1686675,3000883,0.03334656044220419,886220,1296188,6136,74351,77768,17984,188644,9964,6837,559,13948,19814,3708,91588,13176,20703,68476,18591,196807,47975,Long-term,454802,10496,FIFO,207,4667193,105649,322477,148235,1,0,1,1,1
10340,Tech,Sole Proprietorship,Software Sales,Owning,Conservative,28,37591,5820622,756673,4147618,0.04106604945992093,303460,443797,18727,7429,60412,46780,479095,27785,4922,713,17530,14716,761,189614,38529,19704,87329,69821,552247,17715,Line of Credit,423005,24331,LIFO,194,2003756,52319,163349,143542,1,0,0,1,1
10341,Healthcare,S-Corp,E-commerce,Leasing,Conservative,5,33047,9188147,851849,946450,0.22045435520145357,253979,3095945,34167,46950,57030,23760,456983,29510,4392,4593,21536,27528,3979,15913,61406,19030,77798,-47318,562810,6038,Line of Credit,399833,40238,FIFO,455,456060,178800,186678,419759,1,0,1,1,1
10342,Manufacturing,C-Corp,E-commerce,Owning,Aggressive,20,39782,8734012,1778665,1522795,-0.08938065177696802,628986,4178773,47421,65654,18509,26993,157541,17261,3183,15184,13824,1995,3529,122406,17941,4909,52284,61186,459303,22199,Line of Credit,264711,47025,Weighted Average,47,816184,156435,138005,160348,1,0,1,1,1
10343,Healthcare,S-Corp,Subscription,Owning,Balanced,10,14833,7033705,1211068,322140,-0.009504363165800056,298104,810607,17479,73143,69653,2524,132385,19254,3167,15261,4299,22414,1555,123693,6669,9015,56232,-28168,413169,43585,Line of Credit,105834,24563,Weighted Average,466,1536503,88846,169586,130014,1,0,1,1,1
10344,Retail,C-Corp,Software Sales,Leasing,Conservative,12,12896,5645403,1085891,1648795,0.20420286944684546,1099367,1794094,33376,96186,37929,27120,401063,11392,2997,256,14120,13844,3633,103449,90782,4420,44420,-33003,36567,12954,Long-term,139405,4712,FIFO,342,453886,171372,258130,177953,1,0,1,1,1
10345,Retail,LLC,Consulting,Owning,Conservative,15,37972,117297,803494,598981,0.21181180537448674,1045270,2154797,6823,82527,49291,1078,443438,12336,6521,14574,8118,36659,675,20567,49859,48653,37710,-15360,463739,48717,Short-term,45002,29531,FIFO,242,4901142,55808,243408,351094,1,0,1,1,1
10346,Manufacturing,LLC,E-commerce,Owning,Balanced,17,46800,888443,473177,2083321,-0.00769446201061591,307360,249608,6920,91704,5042,36891,467918,11939,3227,37,10756,15522,4187,48379,60786,17740,72497,-9509,72708,41723,Short-term,260549,46489,Weighted Average,10,439655,138015,94893,17749,1,0,0,1,1
10347,Tech,LLC,Consulting,Owning,Conservative,10,35508,3365962,692762,148944,0.029562011643340436,1395147,4751875,21585,36099,63574,26473,141002,27412,6564,10264,25018,39913,36,216040,56083,41253,92035,13043,136206,22211,Line of Credit,461836,33664,FIFO,370,1491602,43616,228679,296326,1,0,1,1,1
10348,Retail,Sole Proprietorship,Consulting,Owning,Conservative,6,10347,6110334,817876,1837519,-0.04835705457535855,1967478,3672097,40239,44385,38201,40832,3285,16676,9920,12697,24143,8498,3836,272463,45076,31328,40498,62175,556848,15559,Line of Credit,223760,46263,LIFO,289,1396956,75329,330102,349594,0,0,1,1,1
10349,Finance,S-Corp,E-commerce,Owning,Balanced,18,35314,9715754,3754697,3917590,0.266277439209656,617578,359115,19272,40919,93282,46836,385781,9843,2024,8652,7953,42322,1787,100005,25323,20465,31283,78568,592678,48898,Short-term,487843,13420,FIFO,391,982217,157359,405043,90543,1,0,0,1,1
10350,Retail,Sole Proprietorship,Consulting,Leasing,Balanced,13,7643,5852613,1256184,3755929,-0.14067811712920986,591302,4034919,28619,65782,15016,9417,35863,45591,329,15930,4784,2102,2727,383134,11021,5131,66169,64250,660060,1786,Line of Credit,398727,6315,LIFO,131,4994500,128957,35844,106487,0,0,1,1,1
10351,Retail,LLC,E-commerce,Leasing,Balanced,3,45785,1433572,1810511,1998691,0.266874711500735,155150,4307084,11533,76116,26022,14362,147776,25112,2486,1832,15185,35798,3880,233098,44807,11652,72358,22725,471365,34797,Short-term,379994,6381,FIFO,270,2906632,166043,381645,382371,1,0,1,1,1
10352,Tech,S-Corp,Consulting,Leasing,Balanced,24,23681,5737025,4634074,4431401,0.1419332259176716,1015893,827166,41895,77590,28938,2209,411921,30598,1155,15517,9024,8524,1894,489336,55355,22507,62457,78131,964164,43268,Long-term,135011,10497,FIFO,428,2019370,57152,358344,239216,1,0,1,1,1
10353,Healthcare,LLC,E-commerce,Owning,Aggressive,10,43328,8172879,3591815,2968100,0.06578607634336558,1119095,3156243,5720,94626,44678,38921,131627,35454,4477,5167,14674,30846,136,14791,49732,48147,25968,-4480,317248,39923,Long-term,173922,30040,Weighted Average,302,3748922,43351,5792,424599,1,0,1,1,1
10354,Retail,Sole Proprietorship,Software Sales,Leasing,Balanced,14,20892,9104471,96002,2749236,-0.18367046960775207,1859050,4052942,21267,45387,62720,5898,21323,33001,2185,432,17845,8107,3076,141401,13711,48671,62508,12919,592093,35145,Long-term,126548,33375,LIFO,61,358781,192112,437911,350722,0,0,1,1,1
10355,Manufacturing,Sole Proprietorship,Subscription,Owning,Aggressive,6,22073,4801669,4660146,1993341,0.03779809591100414,593340,863159,17696,20823,57805,19562,333112,27228,7086,4151,11708,49394,3883,215459,68079,49681,63220,59869,246109,43209,Long-term,480388,14494,Weighted Average,164,311922,123377,88187,126258,1,0,1,1,1
10356,Healthcare,Sole Proprietorship,E-commerce,Owning,Aggressive,3,41768,3865056,765339,1013737,0.003874052501366132,1082965,3908888,31968,51015,75323,11871,460138,14429,2317,14912,1159,18268,661,71032,12904,24806,85366,14442,505951,26985,Long-term,484269,32752,FIFO,13,2855900,61616,47510,166484,1,0,1,1,1
10357,Finance,LLC,E-commerce,Owning,Aggressive,16,35682,3425315,4189289,1173387,-0.11939059401243873,378105,905596,25345,20339,2986,8610,53915,18758,3621,6411,386,47703,1810,185150,69033,20171,5738,55246,296640,32767,Long-term,36786,26357,Weighted Average,272,4335222,155969,437353,23181,1,0,1,1,1
10358,Tech,S-Corp,Subscription,Owning,Conservative,7,37262,5317092,1834006,3942908,0.12820480175032845,1660975,2441129,27693,8491,77478,44845,371687,2272,4491,18135,26617,24399,414,360806,91478,21593,3098,59687,748661,46323,Short-term,472572,17950,FIFO,208,1945044,24010,118104,54898,1,0,1,1,1
10359,Finance,S-Corp,E-commerce,Leasing,Aggressive,20,36358,8364605,4963478,2678439,0.2855754536841429,1960066,4787347,21385,5706,83994,28382,141691,17350,2511,256,7192,9624,342,31300,94787,10470,95424,73447,101257,27586,Line of Credit,303388,16752,FIFO,246,3617120,172226,482826,462846,1,0,1,1,1
10360,Healthcare,LLC,E-commerce,Leasing,Aggressive,14,19289,928791,678889,735532,0.08109440553226255,900147,1610720,20122,20728,13161,16791,203462,22538,7842,671,10745,27126,2729,347844,60096,45308,73633,11477,13515,16984,Short-term,210786,38390,FIFO,133,4669922,122822,209482,275549,1,0,1,1,1
10361,Healthcare,S-Corp,Consulting,Owning,Conservative,9,12927,3920887,2417108,335866,0.1573766382219729,857165,2615327,3364,11997,21689,36312,259990,3400,8641,489,9910,23131,3450,454161,95594,22326,78672,-49756,538742,3587,Long-term,72261,5132,LIFO,244,4171963,152186,480428,499620,1,0,1,1,1
10362,Healthcare,LLC,Subscription,Leasing,Conservative,15,6171,6752346,4639699,837057,-0.16577477371699162,1889762,3229598,4708,65408,95699,39290,370644,15371,9546,6889,21159,48591,3665,65609,8093,5597,38244,29453,247145,39096,Line of Credit,285621,42598,LIFO,473,3675053,20050,306776,283006,1,0,1,1,1
10363,Finance,S-Corp,Software Sales,Owning,Conservative,21,16918,2946274,3894886,4432541,0.008833497908497356,892318,3292808,14982,63097,61924,3370,452490,37310,7848,11906,28626,20714,3737,201634,29918,38304,8253,77962,32873,19175,Line of Credit,182605,29276,LIFO,294,792793,22125,172862,195751,1,0,1,1,1
10364,Healthcare,C-Corp,E-commerce,Leasing,Balanced,3,46903,6088099,975779,1845518,-0.14182075741775207,1226329,1979412,19308,43523,75308,20665,466389,36291,5404,18480,3409,40631,3897,100045,77743,31788,54333,21303,870352,25180,Long-term,432685,40763,Weighted Average,486,31957,182468,350712,300832,1,0,1,1,1
10365,Finance,C-Corp,Subscription,Leasing,Conservative,2,44110,7169337,2579832,3475088,0.10639791776825519,1682388,600611,34919,30163,64745,5710,414441,18147,5393,18066,17073,35877,4241,334045,67636,43725,50969,-21610,285871,17577,Long-term,275640,21551,FIFO,434,4024804,176918,265851,58017,1,0,1,1,1
10366,Healthcare,Sole Proprietorship,Consulting,Owning,Conservative,27,16929,7971917,3369151,2976537,0.2692410791070773,363150,4636510,27161,22718,2211,1328,373410,3291,1293,12603,23412,18570,4418,277847,63806,37930,90744,-39753,662664,38674,Long-term,125522,27975,Weighted Average,38,991120,152468,429101,499697,1,0,1,1,1
10367,Manufacturing,C-Corp,Software Sales,Leasing,Aggressive,2,7539,5546079,275391,3663425,0.13088886623581925,1879712,3952033,37089,92508,1229,47451,288883,35256,2465,2460,23646,12482,2169,233717,14394,34071,70423,-20417,603358,11932,Long-term,410486,3670,Weighted Average,359,37829,93661,70214,285083,1,0,1,1,1
10368,Healthcare,C-Corp,Subscription,Owning,Conservative,3,41727,476794,241387,3639537,-0.16159847584278925,1566064,4942206,15865,88767,49542,39347,440924,10892,3175,4529,22048,34318,1878,335259,97510,6067,44411,89148,895491,3991,Long-term,212080,10364,FIFO,56,2263256,89116,474760,253343,1,0,1,1,1
10369,Finance,C-Corp,Software Sales,Leasing,Balanced,18,27669,3978450,3682632,2186674,-0.022666897507458594,1163489,438556,2495,44619,15345,21612,128041,34326,7849,1975,23150,33414,3970,229162,98708,6024,75028,99078,658852,46626,Long-term,287868,27296,Weighted Average,319,3265498,120233,49870,497683,1,0,0,1,1
10370,Retail,LLC,Software Sales,Owning,Conservative,14,10432,3133349,4658474,2022847,0.07533168972042575,638396,3685049,46755,17126,32819,46890,53019,37458,9425,3216,25745,21040,4696,37676,18280,8715,35421,96123,238497,46622,Line of Credit,297560,25680,FIFO,376,3716368,171045,264289,376296,1,0,1,1,1
10371,Healthcare,C-Corp,Software Sales,Owning,Balanced,20,25644,6507054,2834067,2249853,0.0016038780666260966,799091,490350,4148,94131,48779,7794,207226,38889,9629,14267,13180,13407,4570,464926,41303,32770,1454,85386,651501,3892,Long-term,40575,19066,FIFO,48,2147367,155646,53110,311729,1,0,0,1,1
10372,Retail,C-Corp,E-commerce,Leasing,Conservative,18,23745,882877,1424073,4131685,0.21682200523758616,289637,506232,35324,69926,83421,33888,233169,44966,8444,9581,17336,45468,2617,463293,32453,12226,17522,-21330,715339,2768,Long-term,479406,29892,FIFO,105,1518111,91155,376558,388459,1,0,1,1,1
10373,Manufacturing,Sole Proprietorship,E-commerce,Leasing,Conservative,10,33228,5002825,2585394,247352,0.2073355023549946,89639,3644183,15393,45633,93244,7749,7373,37207,8210,4515,29926,33305,1515,393476,65695,36399,38575,74920,559753,38900,Line of Credit,81614,11041,FIFO,474,1588327,130843,141243,114447,0,0,1,1,1
10374,Tech,C-Corp,Consulting,Owning,Conservative,25,39521,7168132,4607220,1715502,0.1059155100516107,1300028,1697023,3552,82654,66584,47531,166353,40288,2759,12048,29455,14166,574,230412,73449,14412,3192,-39764,194972,37051,Short-term,98566,10054,Weighted Average,59,2847154,14869,145661,253885,1,0,1,1,1
10375,Manufacturing,C-Corp,Consulting,Leasing,Conservative,2,36703,6399492,4422352,224514,-0.013271027433647387,1385103,2638973,37853,8317,20950,21608,20187,25995,5255,9776,6142,6572,4442,186512,30765,48805,55268,-14432,594087,28588,Long-term,257061,12637,Weighted Average,77,3128958,198266,23077,249434,0,0,1,1,1
10376,Healthcare,S-Corp,Subscription,Leasing,Balanced,25,31928,5898946,1474663,838658,-0.07233181311837794,1726930,2056719,34924,49980,16173,16450,330007,5409,8414,2963,5967,33002,2867,177995,7340,45415,81311,57327,520237,14979,Line of Credit,209180,11757,Weighted Average,428,4912712,63167,332018,164014,1,0,1,1,1
10377,Retail,Sole Proprietorship,Consulting,Owning,Balanced,29,23322,7336694,2519146,1897596,-0.14706284089343535,1793216,3881240,10926,49115,59032,4675,97927,42438,2,6786,29166,26972,3544,301946,96715,13569,10402,60188,630417,25965,Line of Credit,415624,42258,LIFO,499,794474,188219,470462,251147,1,0,1,1,1
10378,Retail,Sole Proprietorship,Software Sales,Owning,Aggressive,22,27360,6028643,3341070,1298624,-0.022551158256722992,329378,3922669,32851,66646,29036,19460,238185,44874,8130,13866,7205,46835,4477,362475,98409,3369,78610,-33648,424546,48655,Short-term,132192,28484,Weighted Average,218,4420908,144194,251797,408488,1,0,1,1,1
10379,Finance,Sole Proprietorship,Software Sales,Leasing,Balanced,1,34055,9824700,736268,1002452,0.0065862586038597515,984795,1436548,25889,48158,72356,39411,346229,44702,1259,6200,28072,42464,71,466120,43057,45427,80781,75721,673662,22857,Long-term,24359,13329,Weighted Average,383,2708154,175899,483988,447350,1,0,1,1,1
10380,Retail,Sole Proprietorship,E-commerce,Owning,Conservative,4,47891,6149850,851955,1810394,0.1379114625520368,1721538,4001818,41930,60963,15292,12560,117996,29823,8190,17360,16006,46918,2568,463378,5597,33021,36527,91418,379432,6469,Long-term,406914,34538,LIFO,55,4857650,145407,174299,165337,1,0,1,1,1
10381,Finance,Sole Proprietorship,Software Sales,Owning,Aggressive,14,21376,950350,1161009,4176725,0.12907991214878672,506084,3789044,10055,52631,4052,33463,39220,7869,4323,7345,12109,22923,3437,134786,62988,1528,52181,5904,253761,9481,Long-term,206464,28115,FIFO,55,298169,64576,413153,264743,0,0,1,1,1
10382,Tech,Sole Proprietorship,Subscription,Owning,Aggressive,1,11588,8656255,2063148,2790025,-0.16494593017937154,1598458,2034611,6654,54316,45377,32663,392647,35724,5773,45,13034,1909,2980,337313,99655,44270,91472,95107,252821,21532,Line of Credit,229135,27038,FIFO,129,829138,22677,276898,189264,1,0,1,1,1
10383,Healthcare,LLC,Software Sales,Leasing,Aggressive,14,30000,2433679,4517223,2129934,-0.002370342284421123,1829771,260231,24634,64342,90317,49151,7642,22401,2568,1193,2484,44918,1117,78147,20025,31314,27002,72141,22875,42118,Long-term,437708,37622,FIFO,392,4912580,160295,292832,169740,0,0,0,1,1
10384,Finance,C-Corp,Software Sales,Leasing,Conservative,16,11304,535477,1569593,2966979,-0.10911056639131905,289515,1071516,34363,20504,68838,4170,79971,25958,1885,4512,1854,32848,2386,32075,12145,38443,81219,-33892,561507,24908,Long-term,472997,36886,LIFO,383,4376232,161886,274192,91560,1,0,1,1,1
10385,Tech,Sole Proprietorship,Subscription,Owning,Balanced,22,12345,7836484,2494291,2554399,-0.12159364734159717,1640179,4584475,13468,73593,68819,34123,55556,10766,7060,16630,11631,2083,3508,354159,60797,19047,12460,-47147,832614,24741,Long-term,48634,10901,Weighted Average,388,1958174,126662,289712,369579,1,0,1,1,1
10386,Retail,C-Corp,Consulting,Leasing,Conservative,14,34300,5751944,197745,3835830,0.21365107486862295,1807500,4745524,34922,31660,16620,29810,426976,19768,7844,19603,19615,46146,1359,215788,46723,20748,30482,34156,745901,48440,Long-term,122255,18374,Weighted Average,85,3174907,175257,364727,79283,1,0,1,1,1
10387,Retail,C-Corp,Consulting,Owning,Aggressive,29,29259,4427308,3842824,995205,-0.17904239164187125,1720115,3382105,42718,42196,31461,10718,300336,30794,6111,8983,2597,47985,4759,19304,78230,36109,16447,-45824,445485,17902,Short-term,47864,47290,Weighted Average,214,713983,77794,473235,19297,1,0,1,1,1
10388,Tech,LLC,Subscription,Leasing,Conservative,20,30470,1681420,1780992,2163091,0.009591437951060655,252520,988935,19380,70938,21750,1028,397597,26145,9491,636,7829,17140,1515,139851,9830,14919,48228,50459,351925,26266,Short-term,361626,33806,Weighted Average,115,692947,76675,415761,74005,1,0,1,1,1
10389,Retail,Sole Proprietorship,E-commerce,Owning,Conservative,3,28017,886261,187686,1006649,-0.11589817211674092,1672390,1040451,28870,13605,99426,48599,227655,10086,2338,3775,8186,2670,39,392873,28930,48498,83265,87901,16457,4157,Short-term,42355,18659,LIFO,437,2796245,43325,481165,400977,1,0,1,1,1
10390,Tech,S-Corp,Software Sales,Owning,Balanced,3,20352,3594708,2117636,974048,0.239665107839237,1312035,2140118,39394,62388,89719,18397,412774,43203,9268,2421,3983,36519,1382,69622,28752,16256,50126,73225,934253,21730,Long-term,42690,49770,Weighted Average,314,3420205,41503,99449,199506,1,0,1,1,1
10391,Finance,LLC,Subscription,Leasing,Balanced,9,38365,7052314,4201923,3070555,0.07852025663751755,691986,430993,16259,86297,10472,44662,292926,26442,3758,13025,23347,44512,2030,326359,81025,5905,20545,68458,43064,19180,Long-term,436030,24453,FIFO,293,2454434,20514,50217,467965,1,0,0,1,1
10392,Finance,S-Corp,Software Sales,Owning,Aggressive,6,24446,3179042,2033044,1904071,-0.084309681811576,1941013,3411461,16873,60501,70263,42787,266926,16412,4810,9280,6684,38029,2621,483362,86304,49307,55114,60893,937325,17658,Line of Credit,167717,31498,LIFO,49,2817975,57196,184194,404823,1,0,1,1,1
10393,Tech,C-Corp,E-commerce,Leasing,Conservative,25,7336,6765769,3974221,1467989,0.051213643583188195,257330,2270791,15016,58309,58602,46406,222489,25596,9139,4183,10383,14691,1900,346117,67040,49023,93740,23927,649544,19695,Line of Credit,220886,5857,LIFO,67,4182828,152989,169818,140654,1,0,1,1,1
10394,Finance,C-Corp,Software Sales,Leasing,Conservative,13,14879,6638655,3364344,2072709,0.1657431798515579,1174149,256331,44137,32043,26523,48657,185784,10255,6791,11351,27211,39620,2217,118654,72696,9884,75350,68178,894729,42840,Line of Credit,208811,17312,FIFO,275,193226,186771,406925,200255,1,0,0,1,1
10395,Finance,LLC,Subscription,Owning,Balanced,21,37316,8614668,99976,1240532,0.2790590044597169,944634,3041830,2153,38635,31766,3024,236836,42406,7171,17096,17040,34262,4796,415737,69648,29906,57801,-9333,768947,36450,Long-term,61630,2436,FIFO,129,2628711,95633,132873,96994,1,0,1,1,1
10396,Finance,LLC,Software Sales,Owning,Conservative,2,38340,6068633,2572620,504462,-0.08977699787729054,157900,4394575,9853,84315,67060,39607,488161,40524,2731,5323,12004,25595,4606,259109,60030,42911,13890,-43389,219727,13479,Short-term,184243,28569,Weighted Average,29,136905,182191,292502,66305,1,0,1,1,1
10397,Manufacturing,S-Corp,Consulting,Leasing,Conservative,8,12521,6998046,2413128,3031620,0.24309088606467255,339658,4611318,14379,85691,10079,14503,150534,23332,869,12888,24127,33440,1283,296172,61815,6950,52482,38242,935168,8367,Short-term,26658,25949,FIFO,343,1097406,84324,119064,169045,1,0,1,1,1
10398,Healthcare,Sole Proprietorship,E-commerce,Owning,Conservative,21,11171,3177099,3417611,3040109,0.2671520570837451,520364,4090790,17792,38132,9399,11303,322174,44624,5166,3644,27916,8630,583,49328,90669,2360,63397,34612,170353,15655,Short-term,244204,8693,LIFO,33,4062236,157133,278167,426333,1,0,1,1,1
10399,Retail,S-Corp,E-commerce,Owning,Balanced,2,28481,2944180,4455813,3612401,0.2582102722660331,1574316,2806749,40367,94387,61726,18138,199591,15764,93,16142,12103,31250,458,299445,40690,38895,1740,-3098,792351,13506,Long-term,282941,46986,LIFO,119,2409905,142019,100387,223058,1,0,1,1,1
10400,Manufacturing,LLC,E-commerce,Owning,Aggressive,4,23474,6858699,3692693,2484975,0.1177071784309549,1304283,3876585,20100,20366,93906,26345,318555,27563,2987,7773,23223,28798,2265,310159,93406,22946,30121,-16957,246887,4829,Short-term,325943,38019,LIFO,180,4755993,86550,164828,222143,1,0,1,1,1
10401,Finance,S-Corp,Subscription,Owning,Aggressive,25,49629,8083939,2077320,3311557,0.11491032721735384,1776600,2762690,49553,98944,17532,30505,186278,22139,9967,10778,26372,43036,2666,228348,95032,48020,11218,86343,435037,23051,Line of Credit,385445,10305,Weighted Average,425,4635249,81331,461391,394832,1,0,1,1,1
10402,Tech,LLC,E-commerce,Owning,Conservative,15,26008,5166112,1862105,2312759,0.0016053165919113765,1573493,1013510,13049,77107,83357,2906,97469,36370,8627,12501,28939,33212,815,46845,62923,9730,71591,22867,769129,36365,Line of Credit,234414,33646,Weighted Average,151,909912,164704,190353,235963,1,0,1,1,1
10403,Finance,S-Corp,Consulting,Leasing,Aggressive,4,6633,4193886,1997238,2489308,0.17619894115189394,1741819,4221422,2786,67580,44162,41167,46950,5062,4947,14409,6312,41925,2511,358962,41572,23161,88241,27089,952151,1904,Short-term,494710,28302,FIFO,133,720527,151424,447505,279789,0,0,1,1,1
10404,Healthcare,LLC,Subscription,Leasing,Balanced,13,17485,9050668,1445796,3788294,0.06564700917546595,718419,1081192,6368,62889,4749,8961,395739,44645,6651,2108,7938,11982,246,86394,59030,28738,34722,8745,604206,38369,Line of Credit,319380,11590,Weighted Average,327,4439557,24653,456313,314382,1,0,1,1,1
10405,Finance,LLC,Consulting,Owning,Balanced,28,48617,5401358,4859045,314535,0.13871903561414722,1545870,3425473,32699,84553,12353,27140,454142,7244,6979,3614,9954,8655,4825,185231,72904,4925,49431,92645,223057,1869,Short-term,11265,41430,Weighted Average,185,4009551,199187,474897,79694,1,0,1,1,1
10406,Tech,LLC,Software Sales,Owning,Aggressive,12,8648,1606145,3611262,3288204,0.014228951924397715,1766868,1870371,49691,44236,29477,13031,140749,6372,6794,10251,22560,18582,416,315858,34203,9463,51543,35970,486015,39933,Short-term,130611,4123,LIFO,134,3784599,98294,91728,182845,1,0,1,1,1
10407,Healthcare,Sole Proprietorship,Software Sales,Owning,Aggressive,28,18140,2748202,258859,2520017,0.16574823202156952,543116,4207099,39040,9150,25570,16128,206900,39873,6524,11678,29048,35055,4463,90722,82088,18412,42000,-25536,886611,18948,Line of Credit,208206,5158,LIFO,177,4403547,44755,183331,288930,1,0,1,1,1
10408,Finance,S-Corp,Software Sales,Leasing,Conservative,13,22921,1292931,4077902,4171146,0.21223575880227452,1523061,3520764,29454,24423,87373,16663,146161,19965,3144,14367,19669,44725,3717,499946,10608,23402,71975,68523,347088,36033,Line of Credit,498935,9700,FIFO,22,4695616,105296,154911,50693,1,0,1,1,1
10409,Healthcare,S-Corp,Software Sales,Owning,Aggressive,14,19357,4989084,95475,957472,-0.12678187169859195,533066,1581480,40762,9137,12437,35228,397797,44997,3587,4332,9777,4008,107,297374,50667,35010,30921,-29338,99142,24675,Line of Credit,480894,11531,LIFO,241,157719,99354,294554,368591,1,0,1,1,1
10410,Retail,S-Corp,Consulting,Leasing,Conservative,20,8137,7233456,3353364,2318581,0.216464857787114,1930994,3420956,25600,34992,39104,16682,405123,16956,76,12002,21943,44464,2631,102554,60547,26717,99265,-31772,37603,1216,Line of Credit,451710,28738,Weighted Average,77,4104338,72988,110696,429794,1,0,1,1,1
10411,Retail,LLC,Subscription,Leasing,Conservative,18,5097,971522,3289254,3689279,0.0701482658951536,1940967,1940873,31238,99438,64370,16193,398825,40473,9007,15700,3563,41872,838,59262,27485,42552,88747,10721,842890,14350,Short-term,388898,10879,FIFO,204,265221,38921,278591,449624,1,0,1,1,1
10412,Finance,S-Corp,Subscription,Leasing,Balanced,29,16407,6149531,1149577,2044517,0.22233295454511215,284179,3625590,27241,49921,5551,29561,182225,13894,8959,13769,27016,496,4513,493417,14862,10797,30614,88458,80605,2211,Line of Credit,450484,6543,FIFO,4,1092643,191075,122954,79702,1,0,0,1,1
10413,Healthcare,S-Corp,E-commerce,Owning,Balanced,28,35575,6990709,894081,2102362,0.015650853170507295,1178343,4991467,21810,84369,69359,44813,312683,45048,6553,6963,20968,34231,4916,51722,80948,21594,61189,-43138,291767,26301,Line of Credit,163070,47748,LIFO,328,1578569,47668,91569,356989,1,0,1,1,1
10414,Tech,LLC,Consulting,Leasing,Balanced,6,17722,2281906,4673037,3672403,-0.010479757308482496,453961,2370901,22167,71917,55880,8766,437359,33382,8297,7838,21201,23212,1421,449575,91890,7406,17601,-9892,578728,22251,Long-term,96426,48924,LIFO,448,3692072,56175,242963,287220,1,0,1,1,1
10415,Finance,C-Corp,Software Sales,Owning,Balanced,29,17924,9090884,3745727,3261131,0.2575303662586112,561529,3199858,23811,78690,13916,30844,22936,4050,6694,12399,5041,20637,4778,334940,76880,14965,93332,41788,878859,39529,Line of Credit,492630,43348,LIFO,165,4469074,179810,211737,291521,0,0,1,1,1
10416,Retail,LLC,Consulting,Leasing,Aggressive,11,8750,1600134,1652970,2047338,-0.07441536622579936,597263,2962053,41779,39235,81703,30432,312326,16709,2873,12243,11292,45227,3912,181231,62560,14733,71543,30140,935208,49660,Line of Credit,459555,19581,FIFO,415,573616,54452,363038,150350,1,0,1,1,1
10417,Retail,S-Corp,E-commerce,Owning,Balanced,2,32733,2704884,1581064,628574,0.22210616264307154,174226,3301987,22085,83975,42445,30504,373403,15722,3346,1845,22566,16877,255,250740,88529,27926,20514,18578,365970,25673,Short-term,412522,37679,LIFO,421,4267136,47149,281051,468024,1,0,1,1,1
10418,Finance,LLC,E-commerce,Leasing,Aggressive,28,13535,1805243,4461887,2474138,0.042010286254702045,982454,4623311,48854,24122,48636,38146,230596,15210,7024,13942,8026,17810,2827,97052,99218,29783,83312,-34,299604,6586,Short-term,200078,14582,Weighted Average,128,1111347,16839,26637,399512,1,0,1,1,1
10419,Healthcare,C-Corp,Consulting,Owning,Balanced,23,29487,4374692,277189,144927,0.05704772127562985,511818,4427338,11261,28956,74927,41297,95042,49510,3148,16766,13923,9884,837,110808,33415,18824,67612,-39614,224117,47630,Long-term,183417,44888,FIFO,45,4311725,3155,174268,43539,1,0,1,1,1
10420,Retail,LLC,Consulting,Leasing,Aggressive,19,35651,339779,2126198,1889916,-0.045765859255258,76396,4113099,20733,68879,79194,21858,275307,36545,9657,4112,19628,2723,2962,265416,69523,37394,90886,27228,748165,11723,Line of Credit,147957,31276,LIFO,218,2054730,139091,420585,136552,1,0,1,1,1
10421,Healthcare,S-Corp,Consulting,Owning,Conservative,19,9666,3075605,1518919,2622985,0.08652110030950783,1561019,800671,41779,63560,30685,4071,257758,38674,244,12780,17424,49810,2282,272128,24323,43842,16292,96297,476727,16720,Line of Credit,114681,39003,Weighted Average,235,1540770,55512,231089,152512,1,0,1,1,1
10422,Retail,C-Corp,Subscription,Owning,Aggressive,5,21994,5199154,3331941,4257690,-0.037394401861894355,138920,4517863,31079,87800,52134,17939,452974,34489,2625,15690,27703,4761,552,231281,58214,29287,31510,97765,120373,13892,Line of Credit,310970,5799,Weighted Average,136,3822717,193762,233289,298389,1,0,1,1,1
10423,Retail,Sole Proprietorship,Software Sales,Owning,Aggressive,19,6727,6389249,2700324,3689886,-0.18036529287917386,426547,4273272,35980,73685,89916,25931,177129,17733,3849,10088,18657,7630,180,408455,22997,17568,28000,22197,934069,20551,Line of Credit,60597,26091,LIFO,168,4504603,87150,138661,425313,1,0,1,1,1
10424,Manufacturing,S-Corp,Consulting,Owning,Balanced,2,39622,8252885,3460580,4486460,-0.06400069732782199,214999,4698195,16141,29660,95455,45460,143609,20080,9597,1509,3629,16375,4252,256052,62003,31436,30383,-6979,277014,2746,Line of Credit,405659,29234,Weighted Average,481,4990121,127041,28560,214775,1,0,1,1,1
10425,Retail,C-Corp,Consulting,Leasing,Aggressive,10,15800,9276748,3735104,993122,-0.19681047829670467,1679090,594718,11344,91064,68847,2040,22419,36664,9173,12404,2114,41509,1477,364095,8679,22380,11785,68915,28909,20510,Line of Credit,102375,47993,FIFO,237,169360,27190,270178,339236,0,0,1,1,1
10426,Tech,C-Corp,Consulting,Leasing,Conservative,25,42823,6264014,1470858,4083763,0.2891773935284283,1677583,2204358,41472,6168,40993,3686,435794,39709,7737,1578,23748,25218,570,323030,45308,25796,40910,99333,281261,3322,Long-term,252077,25605,FIFO,93,3478460,11928,136241,381598,1,0,1,1,1
10427,Finance,Sole Proprietorship,E-commerce,Owning,Conservative,2,48039,7599412,1798982,2338354,0.28287360490987373,83014,1818566,17896,50124,45333,13666,206063,46232,8333,17263,1677,30565,4952,375568,80024,9031,39028,67174,259975,25167,Line of Credit,284228,37534,Weighted Average,5,2335175,49425,97449,404367,1,0,0,1,1
10428,Finance,LLC,E-commerce,Leasing,Balanced,11,23708,6316074,1495065,154589,-0.0024223512638474887,1632210,2514973,25817,40897,59865,36321,121211,38014,892,18546,3094,37118,1727,430411,44842,22947,24855,36755,863906,17734,Line of Credit,356591,32668,FIFO,156,1063904,75134,8239,162770,1,0,1,1,1
10429,Healthcare,LLC,Subscription,Owning,Conservative,18,17819,5433968,4946799,1233982,0.16418542716982298,614699,4062579,31813,20032,80096,2779,384906,41152,5487,14106,25574,32975,591,114697,70408,4188,24281,93009,628214,31154,Line of Credit,9383,5111,LIFO,245,2652691,110875,8415,158673,1,0,1,1,1
10430,Retail,S-Corp,Software Sales,Owning,Aggressive,29,14369,4688727,128077,659003,-0.027096950794787522,205550,779565,20895,57797,50756,14186,205671,27250,7251,9840,22257,27073,4516,498075,74532,26669,4841,16330,447538,49951,Long-term,97313,25686,Weighted Average,360,1170996,125264,483704,167879,1,0,1,1,1
10431,Tech,Sole Proprietorship,Subscription,Leasing,Conservative,24,14283,8425032,4559322,233839,0.13554657854298802,1736190,3706944,2143,40294,62192,17459,834,20229,7310,12931,2284,4190,2260,241572,58938,36713,97204,22322,137463,10169,Line of Credit,301505,8015,FIFO,81,4486071,181046,344088,186374,0,0,1,1,1
10432,Healthcare,LLC,Software Sales,Owning,Balanced,15,35573,9078989,1691232,546453,0.20271502152298954,1255382,3894175,12681,48827,61686,21710,294358,48137,2399,1359,5052,1883,2947,242842,10695,32813,60155,52318,111536,22284,Long-term,85294,7856,LIFO,247,1385435,111191,139556,226936,1,0,1,1,1
10433,Manufacturing,Sole Proprietorship,E-commerce,Owning,Aggressive,9,18171,3783909,4495818,3087589,0.27337812234612036,1490413,2127191,9367,8516,49733,23219,224006,16475,4640,4242,23446,2886,347,106299,63499,7765,26918,-4687,816560,30172,Short-term,66331,17490,LIFO,343,4482571,179868,321131,149111,1,0,1,1,1
10434,Healthcare,LLC,E-commerce,Leasing,Balanced,23,35933,1639600,4145077,2967053,0.00010613792483599171,1053994,1619425,5228,24751,26993,6057,254870,46412,2960,16464,17973,49629,165,175746,28382,24171,56313,-22968,261981,1582,Line of Credit,100057,36194,FIFO,493,1333781,180815,23225,319571,1,0,1,1,1
10435,Healthcare,C-Corp,E-commerce,Owning,Aggressive,19,10774,7565106,834192,2564055,0.19164899147802383,358585,2313707,6582,35373,31492,19733,493244,43876,7325,19116,25737,8953,4443,159177,19235,11807,17443,98430,500533,11648,Long-term,156601,15497,Weighted Average,137,1174969,104716,85459,343983,1,0,1,1,1
10436,Retail,LLC,Subscription,Owning,Conservative,9,11519,5183801,4680232,3030193,-0.06703577468394062,1114697,1549663,15147,35270,21981,20157,252358,29011,1469,2709,18904,8381,2896,170811,67223,11204,32250,11710,341145,27994,Short-term,194646,24194,LIFO,386,2895656,169749,197176,199121,1,0,1,1,1
10437,Manufacturing,Sole Proprietorship,Consulting,Owning,Balanced,3,15983,2327503,970114,2547743,0.29516615189682416,1064890,1008899,13397,15386,25143,36030,2413,8128,3374,18806,12047,23238,4493,173041,7366,28066,1922,45326,796872,41435,Long-term,224699,45104,LIFO,63,1369815,57321,288080,422269,0,0,1,1,1
10438,Healthcare,C-Corp,Consulting,Owning,Balanced,21,35932,3170771,651891,1595811,-0.18711520061782444,1805354,2108729,40799,69817,78603,20613,9505,32450,8847,12791,21032,13795,582,24497,32467,43120,31976,36157,988459,10057,Long-term,388829,6316,LIFO,480,2307842,114782,306756,238252,0,0,1,1,1
10439,Tech,C-Corp,E-commerce,Leasing,Aggressive,9,35798,1243647,3579921,1696042,0.10176440325056046,342341,4312096,39011,70184,90452,44076,251753,18897,8234,17051,22113,30428,3506,405032,64316,38367,11991,-21635,190685,44996,Short-term,101917,39130,LIFO,307,3771459,110398,483162,388945,1,0,1,1,1
10440,Tech,C-Corp,Consulting,Leasing,Balanced,28,23133,7256406,2232926,3885474,0.12975299082566355,1153153,1830844,15647,84693,61277,18492,364946,8168,7923,18880,694,49907,4403,264204,11764,23658,53744,-36811,657779,37219,Line of Credit,499132,5693,Weighted Average,116,400149,59973,362677,382989,1,0,1,1,1
10441,Finance,Sole Proprietorship,Consulting,Leasing,Aggressive,14,19939,1516953,2535670,3964482,0.1440227785370644,376778,961302,29718,42879,50990,21746,133177,6861,5122,3499,24191,9638,3038,391059,95896,38081,22733,-42752,998453,47945,Line of Credit,298076,42758,FIFO,113,3986974,53414,388021,358442,1,0,1,1,1
10442,Manufacturing,S-Corp,Subscription,Owning,Aggressive,19,5781,2794245,3394250,3272452,-0.1398062106054555,1317682,4215089,46264,54597,63888,6188,199176,41758,9852,11690,15588,4931,2845,267471,66836,35986,2473,-45631,939167,49237,Long-term,269052,30954,FIFO,31,2202293,157674,369413,99147,1,0,1,1,1
10443,Manufacturing,S-Corp,Software Sales,Owning,Aggressive,7,32624,521280,3416085,4330697,0.2692648917365652,1504223,1130803,44317,44132,70351,42570,390447,13750,5387,8080,28988,42623,2766,102019,36923,14786,8108,89122,507275,42235,Short-term,428574,48901,FIFO,7,2608160,30692,44952,65413,1,0,0,1,1
10444,Finance,S-Corp,E-commerce,Leasing,Aggressive,16,11823,1009245,4656976,3786328,-0.10940836047495861,1055141,915112,49914,8626,98372,30680,114897,16988,7631,1189,13055,38492,4194,200326,21292,30283,28715,-21395,160619,40036,Line of Credit,35412,22652,LIFO,414,3858920,106958,326089,75958,1,0,1,1,1
10445,Healthcare,Sole Proprietorship,E-commerce,Owning,Conservative,16,23489,441207,4073278,4201603,0.11137670161992053,1561037,3745447,21097,90936,50999,38825,58408,2979,7226,13908,16080,26411,1265,119017,6614,1056,32210,-384,615950,14539,Long-term,395463,15178,Weighted Average,442,3129668,49750,223471,41275,1,0,1,1,1
10446,Manufacturing,C-Corp,Subscription,Owning,Aggressive,28,44961,1330746,587977,1950332,-0.08866196043845753,1955219,3874860,38953,86515,71309,37766,168751,23524,5108,12751,28374,45188,4253,490911,25939,46301,37317,53719,770416,2803,Short-term,350854,44397,FIFO,3,1289343,153832,272524,36597,1,0,0,1,1
10447,Tech,S-Corp,Subscription,Owning,Balanced,1,34118,3389791,2049014,3780030,-0.046391791489364564,680197,160653,47254,82065,13446,9864,116908,7065,2224,14714,20067,20534,4649,341529,23800,33911,65516,-16945,10005,48431,Long-term,258928,15751,Weighted Average,307,4910707,69456,186370,349665,1,0,0,1,1
10448,Tech,Sole Proprietorship,Consulting,Owning,Conservative,4,39881,692632,3753292,2538578,0.07322927086406217,525200,4467910,42096,60390,31733,37445,245993,37684,2110,1025,6704,36828,4746,228220,61440,40986,33362,66680,244152,40425,Short-term,217104,1425,FIFO,243,3514627,25085,484462,104243,1,0,1,1,1
10449,Retail,S-Corp,E-commerce,Leasing,Balanced,4,21280,9960786,1608141,3852010,0.008596709282288229,1551817,2498144,19107,21645,77000,6796,230168,23184,957,71,7368,29181,2967,115153,28246,9559,54604,-42550,279182,18781,Line of Credit,7928,4044,LIFO,56,187659,196036,85821,264482,1,0,1,1,1
10450,Manufacturing,LLC,Software Sales,Leasing,Conservative,7,27263,1262189,3718280,1518081,-0.11988719951174687,496379,3493978,5010,96960,49632,48218,79731,33365,7146,5546,1971,37533,2274,43826,57805,27058,4889,83997,802846,49397,Line of Credit,332302,12480,FIFO,73,3431236,23925,425476,78908,1,0,1,1,1
10451,Healthcare,S-Corp,Subscription,Leasing,Aggressive,8,18565,5830385,2773408,1610889,-0.11453179878957587,1540871,3466537,7555,59144,22576,40131,327275,23704,560,2685,14593,19996,2470,120034,54648,23745,89557,272,490875,22709,Long-term,166704,44874,LIFO,10,2110717,6615,431095,484835,1,0,0,1,1
10452,Finance,S-Corp,Software Sales,Owning,Conservative,17,25354,8902907,1898058,2439146,0.009072394081399815,1474407,3498882,2067,18382,4320,9123,326424,5622,9522,9385,26079,6553,2290,466581,61851,1615,73748,-44690,865938,28673,Line of Credit,37309,39997,LIFO,61,533993,38083,152215,327332,1,0,1,1,1
10453,Finance,C-Corp,Software Sales,Leasing,Conservative,5,47951,2481486,4834808,3111640,0.17864148913775035,545754,396213,30412,9025,11750,9222,277906,18261,7413,18232,8055,40146,2577,94242,36688,9062,31971,-18183,873018,42787,Line of Credit,276424,2239,FIFO,494,3877176,111764,316888,306854,1,0,0,1,1
10454,Healthcare,Sole Proprietorship,E-commerce,Leasing,Balanced,7,30643,6813070,2209173,1585491,0.24898232342389426,1885779,2506589,46953,48226,54463,25074,117798,44932,1312,10576,11441,18073,3660,395210,98498,29214,50551,32641,405822,25690,Short-term,45449,7566,Weighted Average,50,530684,10605,209021,390637,1,0,1,1,1
10455,Retail,C-Corp,E-commerce,Owning,Balanced,28,28648,8268326,4704419,1962967,-0.1579361688703086,1056149,426690,36305,84380,27572,47422,116854,28419,1821,2022,20602,7130,1068,60100,34764,45288,3201,-34543,812914,33512,Line of Credit,485387,20775,LIFO,122,4815607,112093,167650,232424,1,0,0,1,1
10456,Finance,C-Corp,Subscription,Owning,Aggressive,20,46971,5493455,92291,990922,-0.0034480462202994833,366030,1173951,13549,74711,18948,30825,237902,34467,5646,15831,14677,29405,2736,231171,37470,39745,89882,-7689,764189,42216,Short-term,294101,37981,Weighted Average,175,1417928,45608,347406,478702,1,0,1,1,1
10457,Manufacturing,C-Corp,E-commerce,Leasing,Conservative,29,23658,225438,4672580,1724449,-0.1498772181385617,348055,3006244,7680,79710,39826,37839,320847,25605,4945,12940,27818,35954,4829,397314,43501,45187,37958,85052,212945,42283,Short-term,172967,4006,FIFO,474,2065481,129788,324475,190122,1,0,1,1,1
10458,Retail,C-Corp,E-commerce,Leasing,Conservative,20,26253,3870183,4639058,505590,-0.19170375968370107,1822502,4356421,27739,8443,90051,42576,474650,29171,5374,17682,1868,5789,1950,407575,62207,43548,79251,73573,568236,44287,Long-term,337643,8025,LIFO,1,2666785,20192,97551,321393,1,0,0,1,1
10459,Manufacturing,C-Corp,E-commerce,Leasing,Conservative,4,31390,7185904,4547968,1473284,0.1308593413219783,1482538,887751,23209,26395,28867,3786,63079,22164,2651,4102,18055,28930,91,368349,67157,11681,5681,47427,362131,20691,Short-term,98057,20423,Weighted Average,478,1416615,135403,330959,44247,1,0,1,1,1
10460,Tech,S-Corp,Software Sales,Leasing,Aggressive,28,28128,6799744,2172827,1157374,0.10122472098329388,108422,932426,43515,15725,61231,34638,21577,49868,9933,17288,25658,48890,3093,22809,8216,7984,46870,-13819,232873,3279,Line of Credit,234223,40326,LIFO,441,749695,52330,76519,473378,0,0,1,1,1
10461,Retail,C-Corp,Subscription,Owning,Aggressive,6,18489,9124327,4917951,3039610,-0.11849044309255691,1571676,688066,24432,38461,67262,37964,263358,46197,4701,3026,1728,17529,2219,74450,27072,28579,82256,82019,232322,18730,Short-term,377209,26174,FIFO,38,3135084,50949,155250,298552,1,0,1,1,1
10462,Finance,C-Corp,Consulting,Leasing,Aggressive,7,43314,2901445,2118671,2338756,-0.08309358345346796,1035691,1887779,17116,46115,92356,45564,348483,13796,2877,6709,7632,7942,1387,310572,98778,26274,67203,81094,30875,46991,Short-term,157767,27663,LIFO,190,3819038,69382,97526,86313,1,0,1,1,1
10463,Retail,Sole Proprietorship,Software Sales,Leasing,Aggressive,18,37658,9296866,758672,2828107,-0.18814612317774082,355513,1635199,22045,88732,73233,26988,310258,36854,5582,5969,12043,7548,4274,498206,42132,38739,28152,-48872,285201,23905,Long-term,79893,34952,FIFO,79,2069300,100233,211929,211755,1,0,1,1,1
10464,Retail,LLC,E-commerce,Owning,Aggressive,5,11852,6939789,387369,70257,0.21747360284720185,1856901,1811951,28327,84790,45678,36507,482450,31320,5390,2620,6403,49712,2285,344934,22861,28399,50061,29522,42400,13303,Line of Credit,461339,28326,Weighted Average,345,4091889,169658,196269,259407,1,0,1,1,1
10465,Retail,S-Corp,Software Sales,Leasing,Balanced,20,34450,8670556,4026974,1025257,0.2873452980242757,1361293,62949,37709,84557,13963,34708,325374,665,4083,2646,15732,18296,3206,121126,69186,32481,57619,-1071,474674,28325,Line of Credit,292320,32139,LIFO,454,2430412,53243,114365,277587,1,0,0,1,1
10466,Retail,S-Corp,E-commerce,Owning,Conservative,29,7551,2682814,3542963,1141267,-0.1322702316026546,1689771,4668234,45617,76260,65360,34108,164052,32694,745,4865,22476,32244,2924,362465,9960,1944,58235,31696,78607,14198,Line of Credit,154481,48198,Weighted Average,338,173023,101566,303510,402414,1,0,1,1,1
10467,Manufacturing,S-Corp,E-commerce,Owning,Conservative,3,11411,3869457,4557167,2095845,-0.08426239311735095,978378,2202710,28905,33690,50434,30715,67194,24230,8749,2289,18526,296,279,274237,23781,29457,73740,65245,883993,35060,Short-term,260536,9102,FIFO,449,4443655,59618,451171,141151,1,0,1,1,1
10468,Tech,C-Corp,Software Sales,Owning,Conservative,7,38243,1306751,2277039,458829,0.234204761973467,752722,3564184,9067,6407,67617,24806,471022,22995,941,7370,9340,2409,1618,54498,36126,10114,37890,-40192,299647,15876,Line of Credit,324111,47637,FIFO,190,3978681,139621,104830,368962,1,0,1,1,1
10469,Healthcare,C-Corp,Subscription,Leasing,Conservative,27,26800,1053692,346063,2675466,0.2632318989780924,906388,1019260,34559,78568,21269,37901,112333,26784,4023,13854,6184,34229,2787,126251,27578,40846,90073,45148,426981,18618,Line of Credit,5987,8116,Weighted Average,184,336575,119168,242285,441561,1,0,1,1,1
10470,Retail,C-Corp,E-commerce,Leasing,Conservative,28,15403,317770,1433875,3478780,0.009813691403405156,1811396,799148,44919,63560,77312,18043,37792,14605,2296,9677,22394,30846,370,50985,22883,19130,61401,-28275,111096,13617,Short-term,452678,13937,Weighted Average,67,694104,53494,498489,153973,1,0,1,1,1
10471,Finance,Sole Proprietorship,Subscription,Owning,Conservative,22,12239,4199906,1926336,4155345,-0.17468876386546295,1850957,1525509,19985,52340,98352,11225,45807,17463,939,11343,253,35036,3183,304153,34782,13312,11217,22534,580900,40483,Long-term,203573,31161,FIFO,17,3490966,24958,309055,208831,0,0,1,1,1
10472,Retail,LLC,Consulting,Leasing,Conservative,14,11710,4936917,4006778,1586933,-0.1803040831535903,1973588,1563091,29369,22794,80732,10752,387410,8419,1610,17824,4102,39322,3834,485310,61387,33596,48351,-10050,894750,38456,Long-term,241692,5383,Weighted Average,383,2493908,108960,350566,183804,1,0,1,1,1
10473,Finance,C-Corp,E-commerce,Leasing,Conservative,7,26384,7069129,4803267,365329,0.08697493303450521,1495159,3831301,19864,24881,82494,4457,415517,47952,6300,765,3542,49159,1703,400659,21979,39551,33741,33576,271538,49286,Short-term,363998,21320,FIFO,368,2033491,103478,58619,220376,1,0,1,1,1
10474,Manufacturing,LLC,Subscription,Owning,Balanced,5,26038,6010184,2937757,2996151,-0.0035524455534104993,1220847,2179068,24614,91292,89905,43616,136213,33837,1725,12671,19159,27167,2268,27718,38746,10751,20654,-29443,94335,47969,Long-term,31015,5507,Weighted Average,392,1145521,169610,442512,260278,1,0,1,1,1
10475,Finance,Sole Proprietorship,Subscription,Owning,Conservative,29,45846,6182199,2518665,1267222,-0.18567378621117275,1054104,3877239,49894,99952,78225,10241,104292,5263,9176,16158,24062,28991,303,288849,71266,7907,61314,-28175,373133,38549,Long-term,492943,15735,FIFO,316,4990146,6833,289935,158579,1,0,1,1,1
10476,Healthcare,S-Corp,Consulting,Leasing,Balanced,22,27447,5401533,2959984,3407851,0.09162619615627837,373548,1318166,17613,54703,83867,1453,122984,48877,9779,4092,6212,17801,3774,359762,5056,29114,1408,-41002,627300,22742,Long-term,379494,30713,FIFO,497,1689208,155458,275445,270082,1,0,1,1,1
10477,Tech,C-Corp,Subscription,Owning,Aggressive,5,7285,1890008,742924,1583812,-0.19434873170548878,1798264,2879530,8447,49354,38528,10896,13777,40719,9528,12975,4637,7358,1348,72598,36457,26009,42903,-13920,91748,1444,Line of Credit,333548,17519,LIFO,296,159244,100341,131866,353929,0,0,1,1,1
10478,Finance,LLC,Subscription,Leasing,Conservative,23,42991,1926525,2620115,905256,0.19368597907463647,864156,2105104,7499,96288,79972,22826,38346,45687,8853,9341,11525,22588,2422,350022,7243,20310,84208,96874,936932,32195,Long-term,121751,3025,FIFO,209,741673,95240,236730,136691,0,0,1,1,1
10479,Finance,LLC,Consulting,Leasing,Aggressive,2,18521,4613070,1711655,40917,-0.04678358864831422,1941141,3730922,41041,83462,66602,11976,316847,34131,7187,12334,28760,17671,3628,284383,60031,36725,1218,92239,696779,2011,Line of Credit,395951,20919,FIFO,345,3447635,108955,108623,267426,1,0,1,1,1
10480,Tech,C-Corp,E-commerce,Leasing,Aggressive,27,11971,9827138,4722412,302091,-0.17987099849538396,1236053,3942623,33315,19390,97261,49640,94977,37276,32,16077,22418,17502,2428,318766,6701,19996,50572,-7593,75195,45986,Long-term,186353,38622,LIFO,446,4131905,156904,496745,307535,1,0,1,1,1
10481,Healthcare,S-Corp,Subscription,Leasing,Aggressive,21,34139,7517874,3150498,443157,0.09417611049157665,1297880,1133270,3299,92475,91748,34586,309963,34523,5985,15835,11471,25128,3033,56665,61381,7047,58798,70283,739055,23002,Line of Credit,435362,39135,LIFO,41,2611090,171002,379968,44171,1,0,1,1,1
10482,Retail,S-Corp,Subscription,Owning,Balanced,22,24909,6251537,4839125,289265,-0.0011577927834726665,1046163,2521019,41469,32307,34332,5868,421685,519,3414,2666,12500,31645,668,304418,55438,40017,30105,-36662,624134,25305,Short-term,53231,36658,Weighted Average,396,509922,164479,433995,454946,1,0,1,1,1
10483,Finance,S-Corp,Subscription,Owning,Aggressive,6,16531,4566951,4720432,1424822,0.28690020667857474,1608853,1340728,6994,99049,91937,17396,134917,31106,1156,5968,27457,7637,499,414635,78839,29767,69634,26289,636692,27493,Short-term,165104,20141,Weighted Average,477,4456134,5073,41894,387163,1,0,1,1,1
10484,Tech,Sole Proprietorship,Software Sales,Owning,Aggressive,15,19721,1578768,1073920,1847402,0.07209933125185108,835363,1039242,31878,29502,79929,32634,372330,44504,3126,7641,24841,660,1414,380512,85636,17347,65063,99967,311286,8869,Long-term,295449,30696,FIFO,473,4020135,18667,497133,279629,1,0,1,1,1
10485,Manufacturing,LLC,Consulting,Owning,Aggressive,21,24206,7189478,3861666,1989902,-0.06238040948149587,1864298,2177626,17627,27486,70206,13171,23290,10514,8252,18565,15247,41675,529,156075,71483,37527,7619,81029,795608,45388,Line of Credit,59306,4773,Weighted Average,115,3145983,148107,346762,399772,0,0,1,1,1
10486,Tech,LLC,Software Sales,Leasing,Conservative,10,42711,5224674,3869712,1175371,0.15471943231698737,1714000,3718201,9489,43258,92137,25111,374695,47456,1543,9834,10532,6922,3621,171938,25505,25102,11939,59367,81540,46989,Short-term,224248,25956,Weighted Average,100,985098,7732,447466,382248,1,0,1,1,1
10487,Manufacturing,LLC,Consulting,Leasing,Conservative,23,11530,8426435,1083668,368821,-0.06425399872864435,1410598,360068,28111,62716,3251,34688,423915,7233,271,3888,13518,28161,3456,163060,11553,5263,18226,15898,703649,35883,Short-term,126139,16819,FIFO,373,2326972,56097,338138,387571,1,0,0,1,1
10488,Healthcare,Sole Proprietorship,E-commerce,Owning,Balanced,26,16116,9176760,2523199,699987,0.25212164570378254,372621,3434638,34355,86494,46717,22304,175324,1102,5295,840,6476,44721,754,459110,38525,44049,25322,84526,349092,18497,Short-term,23318,2528,LIFO,438,631477,4487,46770,236392,1,0,1,1,1
10489,Retail,LLC,E-commerce,Leasing,Balanced,24,5258,502980,347675,283877,-0.012639014746311794,492697,2748384,10269,87768,28027,43274,360826,597,4076,13873,19532,3970,2347,380707,85402,2902,58215,67486,855383,16129,Short-term,149318,21955,LIFO,345,3777523,58702,27300,252174,1,0,1,1,1
10490,Tech,Sole Proprietorship,Subscription,Leasing,Conservative,7,5282,9526944,758175,3385026,0.0749342813881026,751658,414911,4831,15748,98382,40243,134365,46715,5902,10846,19743,3407,4910,231516,49348,31823,16878,36540,21755,32449,Long-term,432060,45588,FIFO,349,349669,95961,123025,100153,1,0,0,1,1
10491,Finance,S-Corp,Consulting,Leasing,Balanced,5,18937,9657540,3725002,1587419,-0.17471344808788558,1719163,2518164,46370,67785,87551,29253,380161,19657,2709,5899,1004,27843,726,146746,76187,31540,6560,86421,787203,3340,Line of Credit,168674,6049,FIFO,139,4190794,86107,204307,47748,1,0,1,1,1
10492,Healthcare,C-Corp,E-commerce,Owning,Conservative,1,6898,7657260,1917306,960759,0.013060618976115379,705493,3329343,13819,81050,10583,31980,119496,45009,9346,565,10286,9046,4826,211610,12273,36335,38278,75416,390129,14551,Short-term,288728,34616,FIFO,316,2740688,161147,427701,407094,1,0,1,1,1
10493,Tech,LLC,Consulting,Owning,Aggressive,13,9135,7032667,313625,1801369,0.21618176983049747,787976,3653394,26813,27738,51387,3017,319233,38549,5221,6005,4717,23800,4923,365247,69236,11190,36212,-10037,618841,28023,Long-term,252399,21511,FIFO,324,4763196,108721,387749,143021,1,0,1,1,1
10494,Finance,LLC,E-commerce,Owning,Aggressive,21,11629,9937695,892840,3288140,0.20282440268167096,1698550,1747075,23637,79231,24104,8957,409824,43565,9937,9156,3271,14547,2649,76446,80569,41843,94835,88822,144962,2274,Short-term,20169,11119,FIFO,334,4068745,72031,45285,226452,1,0,1,1,1
10495,Tech,S-Corp,Software Sales,Leasing,Balanced,26,48936,2631528,4444643,2253697,-0.08784072057323689,1438006,1179070,3996,78606,13224,49998,390857,6256,8529,10474,12714,37528,2046,39072,8535,28690,73079,44929,890808,13762,Short-term,30968,11357,FIFO,302,2279071,85217,202627,257888,1,0,1,1,1
10496,Manufacturing,C-Corp,E-commerce,Owning,Conservative,18,24584,2208542,175355,1507172,-0.08696046449471867,498705,4147075,46387,98301,61624,43188,197345,43148,6722,9187,209,31389,2815,43717,23677,3994,23946,24935,266760,4371,Short-term,404601,17167,Weighted Average,294,3619653,15781,122713,424097,1,0,1,1,1
10497,Tech,Sole Proprietorship,Software Sales,Owning,Conservative,13,28551,7022496,4272102,1898997,0.20865265610661837,322619,181277,5089,46662,57058,5792,278763,29401,8201,7226,25463,30346,874,228417,88024,38997,31740,-36314,27175,8773,Short-term,209830,46246,Weighted Average,445,4749272,40865,168543,192378,1,0,0,1,1
10498,Tech,C-Corp,E-commerce,Owning,Balanced,21,38380,9426243,665937,1458826,0.26519921008466274,626954,4696270,35291,87234,97372,14237,78006,41548,4144,9379,5539,22748,3279,167723,5908,3010,7253,13528,862119,17729,Long-term,389828,23253,Weighted Average,17,3803524,9469,53671,97150,1,0,1,1,1
10499,Tech,S-Corp,Subscription,Owning,Conservative,21,22071,3602626,1425607,1469290,-0.15231953936349824,378766,2403455,22659,20123,30299,17251,246471,6554,5606,5890,16537,46233,2984,389346,75153,8377,79311,49811,881415,27885,Line of Credit,120391,35889,LIFO,322,115619,46167,385360,99364,1,0,1,1,1
